Column1,Firmware_CRC32,Battery_Volt_Test,Running_Curr_Test,Modem_FW_Test,Modem_IMEI_Test,SIM_ICCID_Test,Crystal_Test_ppm,Crystal_Test_kHz,Standby_Curr_Test,Sleep_Curr_Test,fail,Final_Result,DATE_TIME,TESTER_ID,TEAM_SN,Operator,Test_Start_Time,Test_Finish_Time,Test_Total_Time,Check_Accelerometer,NFC_ID_Test,Measure_Pressure_Sensor,Check_Version_Hardware,3V7_LTE_Volt_Test,Check_SW1_Test,Check_SW2_Test,Processor_Functional,Measure_Light_Sensor_Dark,Measure_Light_Sensor_Light,Measure_Temp_Sensor,Measure_Humidity_Sensor,Check_Memory_EEPROM,Led1_Red_On,Led1_Green_On,Led1_Blue_On,Led2_Red_On,Led2_Green_On,Led2_Blue_On,Check_Version_Application,
JEG9B00364,Denali_v0100000002.mot 2F1607E1,4.852,52.980,'BG96MAR02A07M1G,'860640052462530,'89460800231121436615,3.67,32.7681201,6.818,25.877,-,PASS,2021.05.13 02:07:52,SST Denali#1(TEST HEAD 4),'5210325005445,71064,2021.05.13 01:59:46,2021.05.13 02:07:52,'00:08:06,'OK,E00225018B6D21FE,4114893,'0000000007,3.659,OK,OK,OK,2,166,26.06,69.97,OK,LED1 Red ON,LED1 Green ON,LED1 Blue ON,LED2 Red ON,LED2 Green ON,LED2 Blue ON,'0100000002,
JEG9B005A4,Denali_v0100000002.mot 2F1607E1,4.852,52.701,'BG96MAR02A07M1G,'860640052460419,'89460800231121182581,6.91,32.7682264,6.851,30.121,-,PASS,2021.05.13 00:40:44,SST Denali#1(TEST HEAD 1),'5210325006052,71064,2021.05.13 00:32:35,2021.05.13 00:40:44,'00:08:09,'OK,E0022500E406827C,4117208,'0000000007,3.667,OK,OK,OK,2,142,25.10,73.87,OK,LED1 Red ON,LED1 Green ON,LED1 Blue ON,LED2 Red ON,LED2 Green ON,LED2 Blue ON,'0100000002,
JEG9B004P4,Denali_v0100000002.mot 2F1607E1,4.852,53.182,'BG96MAR02A07M1G,'860640052394410,'89460800231121180189,20.38,32.7686679,6.218,33.122,-,PASS,2021.05.13 01:03:02,SST Denali#1(TEST HEAD 3),'5210325006010,71064,2021.05.13 00:56:30,2021.05.13 01:03:02,'00:06:32,'OK,E0022500E409BB20,4116209,'0000000007,3.662,OK,OK,OK,2,117,25.50,68.80,OK,LED1 Red ON,LED1 Green ON,LED1 Blue ON,LED2 Red ON,LED2 Green ON,LED2 Blue ON,'0100000002,
JEG9B006S4,Denali_v0100000002.mot 2F1607E1,4.852,51.732,'BG96MAR02A07M1G,'860640052367606,'89460800231121175809,26.68,32.7688743,6.840,32.553,-,PASS,2021.05.13 00:05:50,SST Denali#1(TEST HEAD 4),'5210325006070,71064,2021.05.12 23:59:48,2021.05.13 00:05:50,'00:06:02,'OK,E0022500E4090A16,4117615,'0000000007,3.673,OK,OK,OK,2,175,25.18,69.11,OK,LED1 Red ON,LED1 Green ON,LED1 Blue ON,LED2 Red ON,LED2 Green ON,LED2 Blue ON,'0100000002,
JEG9B006M4,Denali_v0100000002.mot 2F1607E1,4.848,52.433,'BG96MAR02A07M1G,'860640052462217,'89460800231121185360,17.19,32.7685633,6.805,31.363,-,PASS,2021.05.12 10:53:09,SST Denali#1(TEST HEAD 1),'5210325006162,36254,2021.05.12 10:46:01,2021.05.12 10:53:09,'00:07:08,'OK,E0022500E3FE4E43,4124326,'0000000007,3.654,OK,OK,OK,3,132,24.75,71.18,OK,LED1 Red ON,LED1 Green ON,LED1 Blue ON,LED2 Red ON,LED2 Green ON,LED2 Blue ON,'0100000002,
JEG9B006Z4,Denali_v0100000002.mot 2F1607E1,4.853,53.343,'BG96MAR02A07M1G,'860640052462027,'89460800231121176112,30.96,32.7690146,6.982,25.618,-,PASS,2021.05.12 22:50:10,SST Denali#1(TEST HEAD 1),'5210325006220,71064,2021.05.12 22:44:50,2021.05.12 22:50:10,'00:05:20,'OK,E0022500E415A162,4119748,'0000000007,3.674,OK,OK,OK,3,142,25.01,71.48,OK,LED1 Red ON,LED1 Green ON,LED1 Blue ON,LED2 Red ON,LED2 Green ON,LED2 Blue ON,'0100000002,
JEG9B003K4,Denali_v0100000002.mot 2F1607E1,4.853,51.768,'BG96MAR02A07M1G,'860640052384403,'89460800231121436474,17.26,32.7685657,6.985,26.032,-,PASS,2021.05.13 02:06:56,SST Denali#1(TEST HEAD 1),'5210325005691,71064,2021.05.13 02:00:07,2021.05.13 02:06:56,'00:06:49,'OK,E00225018B6D2578,4113927,'0000000007,3.680,OK,OK,OK,1,130,25.46,71.77,OK,LED1 Red ON,LED1 Green ON,LED1 Blue ON,LED2 Red ON,LED2 Green ON,LED2 Blue ON,'0100000002,
JEG9B003Q4,Denali_v0100000002.mot 2F1607E1,4.852,52.872,'BG96MAR02A07M1G,'860640052407493,'89460800231121438371,35.53,32.7691642,7.116,29.034,-,PASS,2021.05.13 01:58:20,SST Denali#1(TEST HEAD 3),'5210325005616,71064,2021.05.13 01:50:59,2021.05.13 01:58:20,'00:07:21,'OK,E00225018B6909A5,4114386,'0000000007,3.688,OK,OK,OK,1,115,25.52,73.64,OK,LED1 Red ON,LED1 Green ON,LED1 Blue ON,LED2 Red ON,LED2 Green ON,LED2 Blue ON,'0100000002,
JEG9B003G4,Denali_v0100000002.mot 2F1607E1,4.866,51.995,'BG96MAR02A07M1G,'860640052371004,'89460800231121439122,37.10,32.7692158,6.825,26.964,-,PASS,2021.05.13 01:58:20,SST Denali#1(TEST HEAD 2),'5210325005493,71064,2021.05.13 01:50:49,2021.05.13 01:58:20,'00:07:31,'OK,E00225018B6C2F25,4115609,'0000000007,3.681,OK,OK,OK,1,120,25.63,73.17,OK,LED1 Red ON,LED1 Green ON,LED1 Blue ON,LED2 Red ON,LED2 Green ON,LED2 Blue ON,'0100000002,
JEG9B003N4,Denali_v0100000002.mot 2F1607E1,4.853,51.386,'BG96MAR02A07M1G,'860640052362995,'89460800231121435807,29.87,32.7689789,6.891,24.272,-,PASS,2021.05.13 01:57:26,SST Denali#1(TEST HEAD 1),'5210325005478,71064,2021.05.13 01:50:41,2021.05.13 01:57:26,'00:06:45,'OK,E00225018B6CD089,4113233,'0000000007,3.676,OK,OK,OK,1,136,25.27,74.26,OK,LED1 Red ON,LED1 Green ON,LED1 Blue ON,LED2 Red ON,LED2 Green ON,LED2 Blue ON,'0100000002,
JEG9B00374,Denali_v0100000002.mot 2F1607E1,4.852,50.939,'BG96MAR02A07M1G,'860640052362516,'89460800231121436698,10.86,32.7683558,6.748,27.688,-,PASS,2021.05.13 02:07:52,SST Denali#1(TEST HEAD 3),'5210325005477,71064,2021.05.13 02:00:01,2021.05.13 02:07:52,'00:07:51,'OK,E00225018B6D91B2,4115680,'0000000007,3.668,OK,OK,OK,1,111,25.54,71.18,OK,LED1 Red ON,LED1 Green ON,LED1 Blue ON,LED2 Red ON,LED2 Green ON,LED2 Blue ON,'0100000002,
JEG9B003E4,Denali_v0100000002.mot 2F1607E1,4.852,52.934,'BG96MAR02A07M1G,'860640052388743,'89460800231121437167,24.98,32.7688184,6.934,31.104,-,PASS,2021.05.13 01:58:42,SST Denali#1(TEST HEAD 4),'5210325005624,71064,2021.05.13 01:51:06,2021.05.13 01:58:42,'00:07:36,'OK,E00225018B6D9E30,4115965,'0000000007,3.671,OK,OK,OK,2,173,25.86,71.99,OK,LED1 Red ON,LED1 Green ON,LED1 Blue ON,LED2 Red ON,LED2 Green ON,LED2 Blue ON,'0100000002,
JEG9B003Y4,Denali_v0100000002.mot 2F1607E1,4.850,53.892,'BG96MAR02A07M1G,'860640052460070,'89460800231121182193,12.99,32.7684258,7.066,27.067,-,PASS,2021.05.13 08:17:42,SST Denali#1(TEST HEAD 3),'5210325006419,81087,2021.05.13 08:11:59,2021.05.13 08:17:42,'00:05:43,'OK,E0022500E41CB72D,4122332,'0000000007,3.680,OK,OK,OK,5,132,24.10,77.16,OK,LED1 Red ON,LED1 Green ON,LED1 Blue ON,LED2 Red ON,LED2 Green ON,LED2 Blue ON,'0100000002,
JEG9B005Q4,Denali_v0100000002.mot 2F1607E1,4.866,53.466,'BG96MAR02A07M1G,'860640052338144,'89460800231121177995,30.96,32.7690145,6.878,28.620,-,PASS,2021.05.13 00:40:45,SST Denali#1(TEST HEAD 2),'5210325006548,71064,2021.05.13 00:32:33,2021.05.13 00:40:45,'00:08:12,'OK,E0022500E3FB34DD,4118223,'0000000007,3.690,OK,OK,OK,2,120,25.44,72.02,OK,LED1 Red ON,LED1 Green ON,LED1 Blue ON,LED2 Red ON,LED2 Green ON,LED2 Blue ON,'0100000002,
JEG9B005K4,Denali_v0100000002.mot 2F1607E1,4.867,51.898,'BG96MAR02A07M1G,'860640052365691,'89460800231121177003,24.67,32.7688084,6.821,26.498,-,PASS,2021.05.12 15:38:22,SST Denali#1(TEST HEAD 2),'5210325006657,36254,2021.05.12 15:31:12,2021.05.12 15:38:22,'00:07:10,'OK,E0022500E41F4255,4106531,'0000000007,3.649,OK,OK,OK,5,126,25.61,64.63,OK,LED1 Red ON,LED1 Green ON,LED1 Blue ON,LED2 Red ON,LED2 Green ON,LED2 Blue ON,'0100000002,
JEG9B00444,Denali_v0100000002.mot 2F1607E1,4.852,51.784,'BG96MAR02A07M1G,'860640052366160,'89460800231121182847,27.80,32.7689110,6.780,24.790,-,PASS,2021.05.13 01:33:46,SST Denali#1(TEST HEAD 3),'5210325006667,71064,2021.05.13 01:26:39,2021.05.13 01:33:46,'00:07:07,'OK,E0022500E4232BCC,4117121,'0000000007,3.680,OK,OK,OK,3,120,25.62,69.47,OK,LED1 Red ON,LED1 Green ON,LED1 Blue ON,LED2 Red ON,LED2 Green ON,LED2 Blue ON,'0100000002,
JEG9B00704,Denali_v0100000002.mot 2F1607E1,4.866,52.720,'BG96MAR02A07M1G,'860640052366566,'89460800231121182920,37.45,32.7692271,6.955,29.603,-,PASS,2021.05.12 23:52:34,SST Denali#1(TEST HEAD 2),'5210325006678,71064,2021.05.12 23:45:29,2021.05.12 23:52:34,'00:07:05,'OK,E0022500E41CDFC8,4119439,'0000000007,3.674,OK,OK,OK,2,121,24.98,70.35,OK,LED1 Red ON,LED1 Green ON,LED1 Blue ON,LED2 Red ON,LED2 Green ON,LED2 Blue ON,'0100000002,
JEG9B001T4,Denali_v0100000002.mot 2F1607E1,4.851,53.867,'BG96MAR02A07M1G,'860640052462324,'89460800231121177508,20.78,32.7686808,6.936,29.655,-,PASS,2021.05.12 18:57:20,SST Denali#1(TEST HEAD 3),'5210325005917,36254,2021.05.12 18:51:34,2021.05.12 18:57:20,'00:05:46,'OK,E0022500E3FC3D92,4105154,'0000000007,3.680,OK,OK,OK,4,120,25.22,69.42,OK,LED1 Red ON,LED1 Green ON,LED1 Blue ON,LED2 Red ON,LED2 Green ON,LED2 Blue ON,'0100000002,
JEG9B00324,Denali_v0100000002.mot 2F1607E1,4.866,51.970,'BG96MAR02A07M1G,'860640052460963,'89460800231121435468,30.31,32.7689933,6.827,23.289,-,PASS,2021.05.13 02:07:23,SST Denali#1(TEST HEAD 2),'5210325005463,71064,2021.05.13 02:00:01,2021.05.13 02:07:23,'00:07:22,'OK,E00225018B6DE894,4114933,'0000000007,3.678,OK,OK,OK,2,117,25.64,71.09,OK,LED1 Red ON,LED1 Green ON,LED1 Blue ON,LED2 Red ON,LED2 Green ON,LED2 Blue ON,'0100000002,
JEG9B001H4,Denali_v0100000002.mot 2F1607E1,4.866,52.759,'BG96MAR02A07M1G,'860640052462241,'89460800231121185402,18.57,32.7686084,6.848,31.466,-,PASS,2021.05.12 23:37:13,SST Denali#1(TEST HEAD 2),'5210325006163,71064,2021.05.12 23:29:44,2021.05.12 23:37:13,'00:07:29,'OK,E0022500E3FE4C7E,4118328,'0000000007,3.690,OK,OK,OK,2,118,25.01,73.16,OK,LED1 Red ON,LED1 Green ON,LED1 Blue ON,LED2 Red ON,LED2 Green ON,LED2 Blue ON,'0100000002,
JEG9B001D4,Denali_v0100000002.mot 2F1607E1,4.851,52.996,'BG96MAR02A07M1G,'860640052441161,'89460800231121184975,23.74,32.7687780,6.994,34.934,-,PASS,2021.05.12 23:37:18,SST Denali#1(TEST HEAD 3),'5210325006104,71064,2021.05.12 23:29:40,2021.05.12 23:37:18,'00:07:38,'OK,E0022500E41F5BD5,4119554,'0000000007,3.689,OK,OK,OK,2,118,25.06,73.62,OK,LED1 Red ON,LED1 Green ON,LED1 Blue ON,LED2 Red ON,LED2 Green ON,LED2 Blue ON,'0100000002,
JEG9B001F4,Denali_v0100000002.mot 2F1607E1,4.852,51.754,'BG96MAR02A07M1G,'860640052362128,'89460800231121182524,19.41,32.7686360,6.869,30.690,-,PASS,2021.05.12 23:36:31,SST Denali#1(TEST HEAD 1),'5210325006427,71064,2021.05.12 23:30:12,2021.05.12 23:36:31,'00:06:19,'OK,E0022500E41CAC90,4119441,'0000000007,3.664,OK,OK,OK,1,129,24.83,73.76,OK,LED1 Red ON,LED1 Green ON,LED1 Blue ON,LED2 Red ON,LED2 Green ON,LED2 Blue ON,'0100000002,
JEG9B001N4,Denali_v0100000002.mot 2F1607E1,4.851,52.712,'BG96MAR02A07M1G,'860640052403807,'89460800231121176716,36.89,32.7692088,6.815,28.309,-,PASS,2021.05.12 21:47:09,SST Denali#1(TEST HEAD 1),'5210325006786,71064,2021.05.12 21:39:19,2021.05.12 21:47:09,'00:07:50,'OK,E0022500E3FDEE1C,4115704,'0000000007,3.672,OK,OK,OK,3,142,25.09,70.84,OK,LED1 Red ON,LED1 Green ON,LED1 Blue ON,LED2 Red ON,LED2 Green ON,LED2 Blue ON,'0100000002,
JEF9B00B14,Denali_v0100000002.mot 2F1607E1,4.852,52.400,'BG96MAR02A07M1G,'860640052462290,'89460800231121177557,15.90,32.7685209,5.444,22.202,-,PASS,2021.05.12 18:57:21,SST Denali#1(TEST HEAD 4),'5210325005921,36254,2021.05.12 18:51:50,2021.05.12 18:57:21,'00:05:31,'OK,E0022500E3FC3B29,4105468,'0000000007,3.672,OK,OK,OK,6,184,25.55,68.80,OK,LED1 Red ON,LED1 Green ON,LED1 Blue ON,LED2 Red ON,LED2 Green ON,LED2 Blue ON,'0100000002,
JEG9B00094,Denali_v0100000002.mot 2F1607E1,4.849,53.942,'BG96MAR02A07M1G,'860640052467281,'89460800231121184405,16.81,32.7685507,6.693,24.997,-,PASS,2021.05.12 19:10:30,SST Denali#1(TEST HEAD 4),'5210325006238,36254,2021.05.12 19:05:12,2021.05.12 19:10:30,'00:05:18,'OK,E0022500E4113B48,4105660,'0000000007,3.679,OK,OK,OK,5,179,25.44,69.64,OK,LED1 Red ON,LED1 Green ON,LED1 Blue ON,LED2 Red ON,LED2 Green ON,LED2 Blue ON,'0100000002,
JEG9B000F4,Denali_v0100000002.mot 2F1607E1,4.848,53.643,'BG96MAR02A07M1G,'860640052380385,'89460800231121177524,17.18,32.7685631,7.013,27.533,-,PASS,2021.05.12 18:59:46,SST Denali#1(TEST HEAD 1),'5210325005930,36254,2021.05.12 18:56:13,2021.05.12 18:59:46,'00:03:33,'OK,E0022500E41EFB03,4105737,'0000000007,3.678,OK,OK,OK,3,136,24.91,71.11,OK,LED1 Red ON,LED1 Green ON,LED1 Blue ON,LED2 Red ON,LED2 Green ON,LED2 Blue ON,'0100000002,
JEG9B000X4,Denali_v0100000002.mot 2F1607E1,4.866,54.691,'BG96MAR02A07M1G,'860640052477439,'89460800231121182482,33.33,32.7690923,6.864,29.551,-,PASS,2021.05.12 15:30:56,SST Denali#1(TEST HEAD 2),'5210325006174,36254,2021.05.12 15:23:46,2021.05.12 15:30:56,'00:07:10,'OK,E0022500E41D3F7C,4106557,'0000000007,3.689,OK,OK,OK,5,128,25.73,65.79,OK,LED1 Red ON,LED1 Green ON,LED1 Blue ON,LED2 Red ON,LED2 Green ON,LED2 Blue ON,'0100000002,
JEG9B005J4,Denali_v0100000002.mot 2F1607E1,4.847,52.537,'BG96MAR02A07M1G,'860640052290089,'89460800231121177813,32.78,32.7690740,6.980,28.827,-,PASS,2021.05.13 08:20:27,SST Denali#1(TEST HEAD 1),'5210325006698,81087,2021.05.13 08:12:28,2021.05.13 08:20:27,'00:07:59,'OK,E0022500E3FE79FF,4121290,'0000000007,3.686,OK,OK,OK,2,133,24.32,76.42,OK,LED1 Red ON,LED1 Green ON,LED1 Blue ON,LED2 Red ON,LED2 Green ON,LED2 Blue ON,'0100000002,
JEG9B005S4,Denali_v0100000002.mot 2F1607E1,4.866,52.966,'BG96MAR02A07M1G,'860640052467653,'89460800231121177730,15.18,32.7684974,6.868,18.838,-,PASS,2021.05.13 00:01:37,SST Denali#1(TEST HEAD 2),'5210325006711,71064,2021.05.12 23:54:15,2021.05.13 00:01:37,'00:07:22,'OK,E0022500E404FD68,4119132,'0000000007,3.674,OK,OK,OK,2,122,25.11,69.11,OK,LED1 Red ON,LED1 Green ON,LED1 Blue ON,LED2 Red ON,LED2 Green ON,LED2 Blue ON,'0100000002,
JEG9B00654,Denali_v0100000002.mot 2F1607E1,4.852,53.194,'BG96MAR02A07M1G,'860640052344555,'89460800231121185147,16.11,32.7685280,6.990,29.034,-,PASS,2021.05.12 23:52:48,SST Denali#1(TEST HEAD 1),'5210325006757,71064,2021.05.12 23:45:35,2021.05.12 23:52:48,'00:07:13,'OK,E0022500E3FB3EA3,4119096,'0000000007,3.691,OK,OK,OK,1,128,25.04,69.68,OK,LED1 Red ON,LED1 Green ON,LED1 Blue ON,LED2 Red ON,LED2 Green ON,LED2 Blue ON,'0100000002,
JEG9B007C4,Denali_v0100000002.mot 2F1607E1,4.852,53.967,'BG96MAR02A07M1G,'860640052380161,'89460800231121181898,22.81,32.7687473,6.867,28.982,-,PASS,2021.05.13 00:59:19,SST Denali#1(TEST HEAD 4),'5210325005943,71064,2021.05.13 00:51:08,2021.05.13 00:59:19,'00:08:11,'OK,E0022500E423803D,4117514,'0000000007,3.680,OK,OK,OK,3,171,25.90,68.18,OK,LED1 Red ON,LED1 Green ON,LED1 Blue ON,LED2 Red ON,LED2 Green ON,LED2 Blue ON,'0100000002,
JEG9B008B4,Denali_v0100000002.mot 2F1607E1,4.853,53.735,'BG96MAR02A07M1G,'860640052471184,'89460800231121182870,38.26,32.7692537,6.761,25.256,-,PASS,2021.05.13 01:29:27,SST Denali#1(TEST HEAD 1),'5210325006114,71064,2021.05.13 01:19:10,2021.05.13 01:29:27,'00:10:17,'OK,E0022500E3FDE9DD,4117662,'0000000007,3.659,OK,OK,OK,1,136,25.45,69.81,OK,LED1 Red ON,LED1 Green ON,LED1 Blue ON,LED2 Red ON,LED2 Green ON,LED2 Blue ON,'0100000002,
JEG9B00804,Denali_v0100000002.mot 2F1607E1,4.866,52.732,'BG96MAR02A07M1G,'860640052379999,'89460800231121182045,11.27,32.7683692,6.824,27.222,-,PASS,2021.05.13 08:20:31,SST Denali#1(TEST HEAD 2),'5210325006179,81087,2021.05.13 08:12:29,2021.05.13 08:20:31,'00:08:02,'OK,E0022500E41F46D3,4122836,'0000000007,3.671,OK,OK,OK,4,125,24.13,76.90,OK,LED1 Red ON,LED1 Green ON,LED1 Blue ON,LED2 Red ON,LED2 Green ON,LED2 Blue ON,'0100000002,
JEG9B00934,Denali_v0100000002.mot 2F1607E1,4.852,52.967,'BG96MAR02A07M1G,'860640052280593,'89460800231121183555,11.53,32.7683779,6.723,31.208,-,PASS,2021.05.12 23:55:23,SST Denali#1(TEST HEAD 4),'5210325006230,71064,2021.05.12 23:49:44,2021.05.12 23:55:23,'00:05:39,'OK,E0022500E41CC50F,4118879,'0000000007,3.672,OK,OK,OK,2,174,25.16,69.90,OK,LED1 Red ON,LED1 Green ON,LED1 Blue ON,LED2 Red ON,LED2 Green ON,LED2 Blue ON,'0100000002,
JEG9B007X4,Denali_v0100000002.mot 2F1607E1,4.867,52.066,'BG96MAR02A07M1G,'860640052294644,'89460800231121178274,28.86,32.7689458,6.814,29.137,-,PASS,2021.05.12 10:33:20,SST Denali#1(TEST HEAD 2),'5210325006319,36254,2021.05.12 10:26:20,2021.05.12 10:33:20,'00:07:00,'OK,E0022500E404E7AF,4124984,'0000000007,3.671,OK,OK,OK,4,121,24.88,68.10,OK,LED1 Red ON,LED1 Green ON,LED1 Blue ON,LED2 Red ON,LED2 Green ON,LED2 Blue ON,'0100000002,
JEG9B00834,Denali_v0100000002.mot 2F1607E1,4.843,52.628,'BG96MAR02A07M1G,'860640052372713,'89460800231121178076,12.23,32.7684006,6.884,30.224,-,PASS,2021.05.12 16:39:47,SST Denali#1(TEST HEAD 1),'5210325006589,36254,2021.05.12 16:35:40,2021.05.12 16:39:47,'00:04:07,'OK,E0022500E41CA312,4104369,'0000000007,3.679,OK,OK,OK,3,137,25.74,63.53,OK,LED1 Red ON,LED1 Green ON,LED1 Blue ON,LED2 Red ON,LED2 Green ON,LED2 Blue ON,'0100000002,
JEG9B008W4,Denali_v0100000002.mot 2F1607E1,4.852,52.705,'BG96MAR02A07M1G,'860640052366459,'89460800231121185212,20.39,32.7686682,6.924,29.293,-,PASS,2021.05.12 18:32:32,SST Denali#1(TEST HEAD 4),'5210325006648,36254,2021.05.12 18:27:08,2021.05.12 18:32:32,'00:05:24,'OK,E0022500E41FA479,4106144,'0000000007,3.669,OK,OK,OK,5,187,25.19,65.83,OK,LED1 Red ON,LED1 Green ON,LED1 Blue ON,LED2 Red ON,LED2 Green ON,LED2 Blue ON,'0100000002,
JEG9B00774,Denali_v0100000002.mot 2F1607E1,4.853,53.920,'BG96MAR02A07M1G,'860640052396084,'89460800231121182912,28.94,32.7689484,7.109,26.860,-,PASS,2021.05.13 01:36:46,SST Denali#1(TEST HEAD 1),'5210325006773,71064,2021.05.13 01:30:01,2021.05.13 01:36:46,'00:06:45,'OK,E0022500E405F8B7,4117049,'0000000007,3.689,OK,OK,OK,1,138,25.36,71.54,OK,LED1 Red ON,LED1 Green ON,LED1 Blue ON,LED2 Red ON,LED2 Green ON,LED2 Blue ON,'0100000002,
JEG9B00414,Denali_v0100000002.mot 2F1607E1,4.866,53.619,'BG96MAR02A07M1G,'860640052396001,'89460800231121182896,5.61,32.7681837,7.027,23.134,-,PASS,2021.05.13 01:40:52,SST Denali#1(TEST HEAD 2),'5210325006766,71064,2021.05.13 01:33:56,2021.05.13 01:40:52,'00:06:56,'OK,E0022500E405FA8A,4117296,'0000000007,3.669,OK,OK,OK,3,131,25.81,69.69,OK,LED1 Red ON,LED1 Green ON,LED1 Blue ON,LED2 Red ON,LED2 Green ON,LED2 Blue ON,'0100000002,
JEG9B003T4,Denali_v0100000002.mot 2F1607E1,4.851,52.953,'BG96MAR02A07M1G,'860640052295229,'89460800231121183084,9.13,32.7682992,6.720,31.829,-,PASS,2021.05.12 20:45:57,SST Denali#1(TEST HEAD 3),'5210325006298,71064,2021.05.12 20:37:30,2021.05.12 20:45:57,'00:08:27,'OK,E0022500E3FBC589,4112109,'0000000007,3.671,OK,OK,OK,3,112,25.15,68.85,OK,LED1 Red ON,LED1 Green ON,LED1 Blue ON,LED2 Red ON,LED2 Green ON,LED2 Blue ON,'0100000002,
JEG9B005P4,Denali_v0100000002.mot 2F1607E1,4.866,52.074,'BG96MAR02A07M1G,'860640052471424,'89460800231121176666,27.70,32.7689078,6.806,28.620,-,PASS,2021.05.13 00:59:09,SST Denali#1(TEST HEAD 2),'5210325006246,71064,2021.05.13 00:51:26,2021.05.13 00:59:09,'00:07:43,'OK,E0022500E4158D63,4117063,'0000000007,3.666,OK,OK,OK,3,121,25.60,69.33,OK,LED1 Red ON,LED1 Green ON,LED1 Blue ON,LED2 Red ON,LED2 Green ON,LED2 Blue ON,'0100000002,
JEG9B006D4,Denali_v0100000002.mot 2F1607E1,4.866,52.203,'BG96MAR02A07M1G,'860640052410570,'89460800231121181674,20.28,32.7686645,6.847,28.516,-,PASS,2021.05.12 23:44:40,SST Denali#1(TEST HEAD 2),'5210325006137,71064,2021.05.12 23:38:03,2021.05.12 23:44:40,'00:06:37,'OK,E0022500E415514C,4118669,'0000000007,3.675,OK,OK,OK,2,122,25.28,71.61,OK,LED1 Red ON,LED1 Green ON,LED1 Blue ON,LED2 Red ON,LED2 Green ON,LED2 Blue ON,'0100000002,
JEG9B004N4,Denali_v0100000002.mot 2F1607E1,4.866,53.098,'BG96MAR02A07M1G,'860640052328939,'89460800231121177961,22.15,32.7687258,7.007,31.829,-,PASS,2021.05.13 01:18:06,SST Denali#1(TEST HEAD 2),'5210325006546,71064,2021.05.13 01:10:53,2021.05.13 01:18:06,'00:07:13,'OK,E0022500E3FB35A7,4114762,'0000000007,3.678,OK,OK,OK,2,118,25.79,67.73,OK,LED1 Red ON,LED1 Green ON,LED1 Blue ON,LED2 Red ON,LED2 Green ON,LED2 Blue ON,'0100000002,
JEG9B005H4,Denali_v0100000002.mot 2F1607E1,4.852,52.415,'BG96MAR02A07M1G,'860640052396977,'89460800231121180320,10.96,32.7683590,6.754,22.461,-,PASS,2021.05.13 00:59:05,SST Denali#1(TEST HEAD 1),'5210325006513,71064,2021.05.13 00:51:26,2021.05.13 00:59:05,'00:07:39,'OK,E0022500E406024D,4114525,'0000000007,3.668,OK,OK,OK,2,132,25.27,69.72,OK,LED1 Red ON,LED1 Green ON,LED1 Blue ON,LED2 Red ON,LED2 Green ON,LED2 Blue ON,'0100000002,
JEG9B005D4,Denali_v0100000002.mot 2F1607E1,4.866,52.946,'BG96MAR02A07M1G,'860640052392802,'89460800231121179751,29.25,32.7689586,6.830,25.515,-,PASS,2021.05.13 01:07:21,SST Denali#1(TEST HEAD 2),'5210325006533,71064,2021.05.13 00:59:52,2021.05.13 01:07:21,'00:07:29,'OK,E0022500E3FC4032,4117518,'0000000007,3.683,OK,OK,OK,2,120,25.69,67.09,OK,LED1 Red ON,LED1 Green ON,LED1 Blue ON,LED2 Red ON,LED2 Green ON,LED2 Blue ON,'0100000002,
JEG9B00614,Denali_v0100000002.mot 2F1607E1,4.852,52.648,'BG96MAR02A07M1G,'860640052460013,'89460800231121184306,17.23,32.7685647,6.841,26.550,-,PASS,2021.05.12 23:49:13,SST Denali#1(TEST HEAD 4),'5210325006426,71064,2021.05.12 23:43:50,2021.05.12 23:49:13,'00:05:23,'OK,E0022500E41F6995,4118012,'0000000007,3.669,OK,OK,OK,2,181,25.27,69.26,OK,LED1 Red ON,LED1 Green ON,LED1 Blue ON,LED2 Red ON,LED2 Green ON,LED2 Blue ON,'0100000002,
JEG9B005M4,Denali_v0100000002.mot 2F1607E1,4.852,53.714,'BG96MAR02A07M1G,'860640052362193,'89460800231121181542,16.19,32.7685305,7.147,25.722,-,PASS,2021.05.12 23:43:44,SST Denali#1(TEST HEAD 1),'5210325006429,71064,2021.05.12 23:37:18,2021.05.12 23:43:44,'00:06:26,'OK,E0022500E41CAEAD,4118827,'0000000007,3.687,OK,OK,OK,1,135,25.17,72.29,OK,LED1 Red ON,LED1 Green ON,LED1 Blue ON,LED2 Red ON,LED2 Green ON,LED2 Blue ON,'0100000002,
JEG9B00584,Denali_v0100000002.mot 2F1607E1,4.866,53.489,'BG96MAR02A07M1G,'860640052459734,'89460800231121179421,43.87,32.7694375,6.869,25.929,-,PASS,2021.05.12 16:25:49,SST Denali#1(TEST HEAD 2),'5210325006490,36254,2021.05.12 16:18:09,2021.05.12 16:25:49,'00:07:40,'OK,E0022500E411FA61,4103958,'0000000007,3.657,OK,OK,OK,5,124,26.00,65.42,OK,LED1 Red ON,LED1 Green ON,LED1 Blue ON,LED2 Red ON,LED2 Green ON,LED2 Blue ON,'0100000002,
JEG9B00424,Denali_v0100000002.mot 2F1607E1,4.866,53.133,'BG96MAR02A07M1G,'860640052476464,'89460800231121178910,20.44,32.7686697,6.840,24.014,-,PASS,2021.05.13 00:49:05,SST Denali#1(TEST HEAD 2),'5210325006349,71064,2021.05.13 00:41:41,2021.05.13 00:49:05,'00:07:24,'OK,E0022500E4120D24,4117294,'0000000007,3.666,OK,OK,OK,1,115,25.63,70.09,OK,LED1 Red ON,LED1 Green ON,LED1 Blue ON,LED2 Red ON,LED2 Green ON,LED2 Blue ON,'0100000002,
JEG9B000K4,Denali_v0100000002.mot 2F1607E1,4.851,52.661,'BG96MAR02A07M1G,'860640052476720,'89460800231121178951,24.11,32.7687902,6.932,28.102,-,PASS,2021.05.12 20:53:13,SST Denali#1(TEST HEAD 3),'5210325006345,71064,2021.05.12 20:47:21,2021.05.12 20:53:13,'00:05:52,'OK,E0022500E411E8E5,4111860,'0000000007,3.680,OK,OK,OK,4,116,25.18,66.53,OK,LED1 Red ON,LED1 Green ON,LED1 Blue ON,LED2 Red ON,LED2 Green ON,LED2 Blue ON,'0100000002,
JEG9B00084,Denali_v0100000002.mot 2F1607E1,4.851,52.363,'BG96MAR02A07M1G,'860640052393305,'89460800231121185386,30.58,32.7690020,6.947,26.136,-,PASS,2021.05.12 21:55:11,SST Denali#1(TEST HEAD 3),'5210325006156,71064,2021.05.12 21:47:49,2021.05.12 21:55:11,'00:07:22,'OK,E0022500E41CADEA,4117006,'0000000007,3.674,OK,OK,OK,4,118,25.41,69.17,OK,LED1 Red ON,LED1 Green ON,LED1 Blue ON,LED2 Red ON,LED2 Green ON,LED2 Blue ON,'0100000002,
JEF9B00AY4,Denali_v0100000002.mot 2F1607E1,4.849,52.964,'BG96MAR02A07M1G,'860640052440668,'89460800231121184611,21.43,32.7687021,6.793,33.278,-,PASS,2021.05.12 19:16:55,SST Denali#1(TEST HEAD 3),'5210325006464,36254,2021.05.12 19:11:10,2021.05.12 19:16:55,'00:05:45,'OK,E0022500E4152ED1,4106377,'0000000007,3.681,OK,OK,OK,4,120,25.45,67.02,OK,LED1 Red ON,LED1 Green ON,LED1 Blue ON,LED2 Red ON,LED2 Green ON,LED2 Blue ON,'0100000002,
JEF9B00AJ4,Denali_v0100000002.mot 2F1607E1,4.851,52.671,'BG96MAR02A07M1G,'860640052379940,'89460800231121181989,10.38,32.7683402,6.842,28.258,-,PASS,2021.05.12 15:25:48,SST Denali#1(TEST HEAD 3),'5210325006184,36254,2021.05.12 15:19:00,2021.05.12 15:25:48,'00:06:48,'OK,E0022500E41D3478,4106388,'0000000007,3.683,OK,OK,OK,3,116,25.87,65.44,OK,LED1 Red ON,LED1 Green ON,LED1 Blue ON,LED2 Red ON,LED2 Green ON,LED2 Blue ON,'0100000002,
JEF9B00AK4,Denali_v0100000002.mot 2F1607E1,4.852,53.691,'BG96MAR02A07M1G,'860640052392976,'89460800231121178514,12.96,32.7684247,6.893,30.586,-,PASS,2021.05.12 20:50:19,SST Denali#1(TEST HEAD 4),'5210325006527,71064,2021.05.12 20:42:36,2021.05.12 20:50:19,'00:07:43,'OK,E0022500E3F77C4E,4112699,'0000000007,3.665,OK,OK,OK,5,185,25.67,65.76,OK,LED1 Red ON,LED1 Green ON,LED1 Blue ON,LED2 Red ON,LED2 Green ON,LED2 Blue ON,'0100000002,
JEG9B001B4,Denali_v0100000002.mot 2F1607E1,4.852,52.396,'BG96MAR02A07M1G,'860640052294628,'89460800231121182250,20.48,32.7686711,6.958,25.515,-,PASS,2021.05.12 20:54:41,SST Denali#1(TEST HEAD 1),'5210325006336,71064,2021.05.12 20:49:07,2021.05.12 20:54:41,'00:05:34,'OK,E0022500E4050C1F,4112137,'0000000007,3.693,OK,OK,OK,4,139,25.24,67.27,OK,LED1 Red ON,LED1 Green ON,LED1 Blue ON,LED2 Red ON,LED2 Green ON,LED2 Blue ON,'0100000002,
JEG9B004X4,Denali_v0100000002.mot 2F1607E1,4.852,52.392,'BG96MAR02A07M1G,'860640052459486,'89460800231121179686,25.36,32.7688309,6.839,26.136,-,PASS,2021.05.13 00:49:14,SST Denali#1(TEST HEAD 3),'5210325005975,71064,2021.05.13 00:41:41,2021.05.13 00:49:14,'00:07:33,'OK,E0022500E415B1DB,4117661,'0000000007,3.654,OK,OK,OK,3,122,25.54,70.81,OK,LED1 Red ON,LED1 Green ON,LED1 Blue ON,LED2 Red ON,LED2 Green ON,LED2 Blue ON,'0100000002,
JEG9B005V4,Denali_v0100000002.mot 2F1607E1,4.866,53.124,'BG96MAR02A07M1G,'860640052365204,'89460800231121180148,25.63,32.7688400,6.936,26.757,-,PASS,2021.05.12 21:24:24,SST Denali#1(TEST HEAD 2),'5210325005997,71064,2021.05.12 21:17:02,2021.05.12 21:24:24,'00:07:22,'OK,E0022500E41D6CE0,4114037,'0000000007,3.681,OK,OK,OK,5,128,25.17,67.59,OK,LED1 Red ON,LED1 Green ON,LED1 Blue ON,LED2 Red ON,LED2 Green ON,LED2 Blue ON,'0100000002,
JEG9B00524,Denali_v0100000002.mot 2F1607E1,4.853,52.025,'BG96MAR02A07M1G,'860640052346592,'89460800231121178027,21.61,32.7687082,6.699,28.879,-,PASS,2021.05.13 01:17:04,SST Denali#1(TEST HEAD 1),'5210325006696,71064,2021.05.13 01:10:29,2021.05.13 01:17:04,'00:06:35,'OK,E0022500E3FE7381,4117137,'0000000007,3.666,OK,OK,OK,1,133,25.55,67.75,OK,LED1 Red ON,LED1 Green ON,LED1 Blue ON,LED2 Red ON,LED2 Green ON,LED2 Blue ON,'0100000002,
JEG9B00744,Denali_v0100000002.mot 2F1607E1,4.852,52.909,'BG96MAR02A07M1G,'860640052462415,'89460800231121181765,17.02,32.7685577,6.788,26.964,-,PASS,2021.05.13 00:49:04,SST Denali#1(TEST HEAD 1),'5210325005919,71064,2021.05.13 00:41:47,2021.05.13 00:49:04,'00:07:17,'OK,E0022500E3FC2D2B,4118626,'0000000007,3.691,OK,OK,OK,1,130,25.33,71.71,OK,LED1 Red ON,LED1 Green ON,LED1 Blue ON,LED2 Red ON,LED2 Green ON,LED2 Blue ON,'0100000002,
JEG9B00964,Denali_v0100000002.mot 2F1607E1,4.851,51.413,'BG96MAR02A07M1G,'860640052301878,'89460800231121183506,29.64,32.7689713,6.702,24.014,-,PASS,2021.05.13 00:01:33,SST Denali#1(TEST HEAD 1),'5210325006233,71064,2021.05.12 23:54:05,2021.05.13 00:01:33,'00:07:28,'OK,E0022500E41FB805,4118220,'0000000007,3.655,OK,OK,OK,2,137,25.16,69.91,OK,LED1 Red ON,LED1 Green ON,LED1 Blue ON,LED2 Red ON,LED2 Green ON,LED2 Blue ON,'0100000002,
JEG9B008D4,Denali_v0100000002.mot 2F1607E1,4.852,52.731,'BG96MAR02A07M1G,'860640052393669,'89460800231121181559,13.35,32.7684374,6.729,28.258,-,PASS,2021.05.13 01:07:05,SST Denali#1(TEST HEAD 4),'5210325006158,71064,2021.05.13 00:59:33,2021.05.13 01:07:05,'00:07:32,'OK,E0022500E4154B8B,4117473,'0000000007,3.673,OK,OK,OK,2,183,25.99,66.73,OK,LED1 Red ON,LED1 Green ON,LED1 Blue ON,LED2 Red ON,LED2 Green ON,LED2 Blue ON,'0100000002,
JEG9B008T4,Denali_v0100000002.mot 2F1607E1,4.852,53.421,'BG96MAR02A07M1G,'860640052338185,'89460800231121177979,27.95,32.7689159,6.856,31.673,-,PASS,2021.05.13 01:18:35,SST Denali#1(TEST HEAD 4),'5210325006547,71064,2021.05.13 01:10:36,2021.05.13 01:18:35,'00:07:59,'OK,E0022500E3FB3A25,4117328,'0000000007,3.655,OK,OK,OK,2,170,26.17,65.96,OK,LED1 Red ON,LED1 Green ON,LED1 Blue ON,LED2 Red ON,LED2 Green ON,LED2 Blue ON,'0100000002,
JEG9B007E4,Denali_v0100000002.mot 2F1607E1,4.867,55.716,'BG96MAR02A07M1G,'860640052338102,'89460800231121177987,21.98,32.7687201,7.277,27.533,-,PASS,2021.05.13 01:33:07,SST Denali#1(TEST HEAD 2),'5210325006549,71064,2021.05.13 01:26:43,2021.05.13 01:33:07,'00:06:24,'OK,E0022500E3FB379A,4117155,'0000000007,3.683,OK,OK,OK,2,123,25.70,68.85,OK,LED1 Red ON,LED1 Green ON,LED1 Blue ON,LED2 Red ON,LED2 Green ON,LED2 Blue ON,'0100000002,
JEG9B00954,Denali_v0100000002.mot 2F1607E1,4.852,52.894,'BG96MAR02A07M1G,'860640052292564,'89460800231121178647,33.82,32.7691081,6.845,27.585,-,PASS,2021.05.13 01:18:07,SST Denali#1(TEST HEAD 3),'5210325006720,71064,2021.05.13 01:10:46,2021.05.13 01:18:07,'00:07:21,'OK,E0022500E404F716,4116192,'0000000007,3.679,OK,OK,OK,3,115,25.77,67.38,OK,LED1 Red ON,LED1 Green ON,LED1 Blue ON,LED2 Red ON,LED2 Green ON,LED2 Blue ON,'0100000002,
JEG9B007Q4,Denali_v0100000002.mot 2F1607E1,4.852,52.687,'BG96MAR02A07M1G,'860640052292226,'89460800231121178639,33.43,32.7690955,6.962,23.858,-,PASS,2021.05.13 01:29:13,SST Denali#1(TEST HEAD 4),'5210325006715,71064,2021.05.13 01:18:46,2021.05.13 01:29:13,'00:10:27,'OK,E0022500E4094EF2,4115332,'0000000007,3.670,OK,OK,OK,1,170,26.37,65.86,OK,LED1 Red ON,LED1 Green ON,LED1 Blue ON,LED2 Red ON,LED2 Green ON,LED2 Blue ON,'0100000002,
JEG9B008S4,Denali_v0100000002.mot 2F1607E1,4.852,62.462,'BG96MAR02A07M1G,'860640052294362,'89460800231121184553,22.29,32.7687305,6.883,26.394,-,PASS,2021.05.12 21:24:23,SST Denali#1(TEST HEAD 1),'5210325006793,71064,2021.05.12 21:17:11,2021.05.12 21:24:23,'00:07:12,'OK,E0022500E3FBD677,4114410,'0000000007,3.697,OK,OK,OK,4,135,25.14,67.84,OK,LED1 Red ON,LED1 Green ON,LED1 Blue ON,LED2 Red ON,LED2 Green ON,LED2 Blue ON,'0100000002,
JEG9B009G4,Denali_v0100000002.mot 2F1607E1,4.852,53.423,'BG96MAR02A07M1G,'860640052293828,'89460800231121176120,20.57,32.7686740,6.879,24.894,-,PASS,2021.05.12 22:48:37,SST Denali#1(TEST HEAD 4),'5210325006811,71064,2021.05.12 22:40:58,2021.05.12 22:48:37,'00:07:39,'OK,E0022500E3FE5B06,4117470,'0000000007,3.681,OK,OK,OK,4,172,25.81,68.09,OK,LED1 Red ON,LED1 Green ON,LED1 Blue ON,LED2 Red ON,LED2 Green ON,LED2 Blue ON,'0100000002,
JEG9B009E4,Denali_v0100000002.mot 2F1607E1,4.852,54.865,'BG96MAR02A07M1G,'860640052372846,'89460800231121178050,-9.52,32.7676881,6.843,24.117,-,PASS,2021.05.12 22:48:31,SST Denali#1(TEST HEAD 3),'5210325006588,71064,2021.05.12 22:41:03,2021.05.12 22:48:31,'00:07:28,'OK,E0022500E41CA794,4118433,'0000000007,3.683,OK,OK,OK,4,116,25.37,69.01,OK,LED1 Red ON,LED1 Green ON,LED1 Blue ON,LED2 Red ON,LED2 Green ON,LED2 Blue ON,'0100000002,
JEG9B005E4,Denali_v0100000002.mot 2F1607E1,4.852,53.446,'BG96MAR02A07M1G,'860640052394667,'89460800231121184090,19.35,32.7686340,6.857,34.934,-,PASS,2021.05.12 23:45:40,SST Denali#1(TEST HEAD 3),'5210325006824,71064,2021.05.12 23:38:12,2021.05.12 23:45:40,'00:07:28,'OK,E0022500E4153F12,4118477,'0000000007,3.682,OK,OK,OK,1,118,25.30,70.86,OK,LED1 Red ON,LED1 Green ON,LED1 Blue ON,LED2 Red ON,LED2 Green ON,LED2 Blue ON,'0100000002,
JEG9B006A4,Denali_v0100000002.mot 2F1607E1,4.853,53.527,'BG96MAR02A07M1G,'860640052396456,'89460800231121182904,18.55,32.7686080,6.978,25.049,-,PASS,2021.05.13 01:42:17,SST Denali#1(TEST HEAD 1),'5210325006771,71064,2021.05.13 01:37:42,2021.05.13 01:42:17,'00:04:35,'OK,E0022500E405FE0C,4116954,'0000000007,3.663,OK,OK,OK,1,136,25.84,70.66,OK,LED1 Red ON,LED1 Green ON,LED1 Blue ON,LED2 Red ON,LED2 Green ON,LED2 Blue ON,'0100000002,
JEG9B00844,Denali_v0100000002.mot 2F1607E1,4.858,53.186,'BG96MAR02A07M1G,'860640052393966,'89460800231121185428,28.25,32.7689257,6.810,34.436,-,PASS,2021.05.13 00:14:03,SST Denali#1(TEST HEAD 4),'5210325006151,71064,2021.05.13 00:06:08,2021.05.13 00:14:03,'00:07:55,'OK,E0022500E41CB46A,4118491,'0000000007,3.693,OK,OK,OK,3,538,24.93,71.61,OK,LED1 Red ON,LED1 Green ON,LED1 Blue ON,LED2 Red ON,LED2 Green ON,LED2 Blue ON,'0100000002,
JEG9B005N4,Denali_v0100000002.mot 2F1607E1,4.914,53.637,'BG96MAR02A07M1G,'860640052403559,'89460800231121182938,27.36,32.7688964,6.832,34.902,-,PASS,2021.05.13 01:39:59,SST Denali#1(TEST HEAD 2),'5210325006768,71064,2021.05.13 01:32:06,2021.05.13 01:39:59,'00:07:53,'OK,E0022500E3FDF127,4116187,'0000000007,3.683,OK,OK,OK,2,417,25.30,72.26,OK,LED1 Red ON,LED1 Green ON,LED1 Blue ON,LED2 Red ON,LED2 Green ON,LED2 Blue ON,'0100000002,
JEG9B00574,Denali_v0100000002.mot 2F1607E1,4.858,51.988,'BG96MAR02A07M1G,'860640052403526,'89460800231121182953,17.68,32.7685793,6.765,34.747,-,PASS,2021.05.13 01:42:10,SST Denali#1(TEST HEAD 4),'5210325006770,71064,2021.05.13 01:36:57,2021.05.13 01:42:10,'00:05:13,'OK,E0022500E3FDF31A,4117394,'0000000007,3.684,OK,OK,OK,3,573,25.19,73.26,OK,LED1 Red ON,LED1 Green ON,LED1 Blue ON,LED2 Red ON,LED2 Green ON,LED2 Blue ON,'0100000002,
JEG9B005Y4,Denali_v0100000002.mot 2F1607E1,4.849,52.301,'BG96MAR02A07M1G,'860640052467612,'89460800231121177755,17.79,32.7685829,6.874,28.636,-,PASS,2021.05.12 16:56:05,SST Denali#1(TEST HEAD 4),'5210325006712,36254,2021.05.12 16:50:21,2021.05.12 16:56:05,'00:05:44,'OK,E0022500E404FF55,4104432,'0000000007,3.684,OK,OK,OK,4,532,25.66,61.57,OK,LED1 Red ON,LED1 Green ON,LED1 Blue ON,LED2 Red ON,LED2 Green ON,LED2 Blue ON,'0100000002,
JEG9B00754,Denali_v0100000002.mot 2F1607E1,4.909,53.511,'BG96MAR02A07M1G,'860640052460104,'89460800231121179306,14.43,32.7684730,6.208,34.592,-,PASS,2021.05.13 00:49:06,SST Denali#1(TEST HEAD 2),'5210325006516,71064,2021.05.13 00:40:28,2021.05.13 00:49:06,'00:08:38,'OK,E0022500E3FBDF4E,4117105,'0000000007,3.681,OK,OK,OK,2,429,25.32,71.13,OK,LED1 Red ON,LED1 Green ON,LED1 Blue ON,LED2 Red ON,LED2 Green ON,LED2 Blue ON,'0100000002,
JEG9B008R4,Denali_v0100000002.mot 2F1607E1,4.891,52.222,'BG96MAR02A07M1G,'860640052364363,'89460800231121181534,13.49,32.7684419,6.936,32.106,-,PASS,2021.05.12 23:52:44,SST Denali#1(TEST HEAD 2),'5210325006435,71064,2021.05.12 23:44:08,2021.05.12 23:52:44,'00:08:36,'OK,E0022500E41F61D6,4118636,'0000000007,3.685,OK,OK,OK,2,391,25.09,70.28,OK,LED1 Red ON,LED1 Green ON,LED1 Blue ON,LED2 Red ON,LED2 Green ON,LED2 Blue ON,'0100000002,
JEG9B00924,Denali_v0100000002.mot 2F1607E1,4.843,53.677,'BG96MAR02A07M1G,'860640052474618,'89460800231121177292,25.67,32.7688410,6.818,33.970,-,PASS,2021.05.13 01:04:21,SST Denali#1(TEST HEAD 3),'5210325006367,71064,2021.05.13 00:57:41,2021.05.13 01:04:21,'00:06:40,'OK,E0022500E3FBCE8D,4116899,'0000000007,3.663,OK,OK,OK,3,356,25.24,69.49,OK,LED1 Red ON,LED1 Green ON,LED1 Blue ON,LED2 Red ON,LED2 Green ON,LED2 Blue ON,'0100000002,
JEG9B00914,Denali_v0100000002.mot 2F1607E1,4.870,52.153,'BG96MAR02A07M1G,'860640052366749,'89460800231121182946,24.34,32.7687977,6.928,34.695,-,PASS,2021.05.13 01:40:48,SST Denali#1(TEST HEAD 1),'5210325006676,71064,2021.05.13 01:33:44,2021.05.13 01:40:48,'00:07:04,'OK,E0022500E41CD973,4116897,'0000000007,3.667,OK,OK,OK,2,381,25.99,69.65,OK,LED1 Red ON,LED1 Green ON,LED1 Blue ON,LED2 Red ON,LED2 Green ON,LED2 Blue ON,'0100000002,
JEG9B007N4,Denali_v0100000002.mot 2F1607E1,4.920,51.731,'BG96MAR02A07M1G,'860640052330398,'89460800231121184025,10.55,32.7683457,6.482,33.090,-,PASS,2021.05.13 01:30:01,SST Denali#1(TEST HEAD 2),'5210325006632,71064,2021.05.13 01:22:48,2021.05.13 01:30:01,'00:07:13,'OK,E0022500E41152D7,4117089,'0000000007,3.695,OK,OK,OK,2,428,25.22,71.28,OK,LED1 Red ON,LED1 Green ON,LED1 Blue ON,LED2 Red ON,LED2 Green ON,LED2 Blue ON,'0100000002,
JEG9B00874,Denali_v0100000002.mot 2F1607E1,4.846,54.557,'BG96MAR02A07M1G,'860640052420520,'89460800231121180254,19.74,32.7686469,7.165,31.122,-,PASS,2021.05.12 16:25:02,SST Denali#1(TEST HEAD 4),'5210325006629,81087,2021.05.12 16:18:45,2021.05.12 16:25:02,'00:06:17,'OK,E0022500E4157F70,4104312,'0000000007,3.699,OK,OK,OK,5,562,25.87,65.49,OK,LED1 Red ON,LED1 Green ON,LED1 Blue ON,LED2 Red ON,LED2 Green ON,LED2 Blue ON,'0100000002,
JEG9B001C4,Denali_v0100000002.mot 2F1607E1,4.866,53.205,'BG96MAR02A07M1G,'860640052460476,'89460800231121184496,36.22,32.7691868,6.612,34.902,-,PASS,2021.05.12 21:22:29,SST Denali#1(TEST HEAD 4),'5210325006049,71064,2021.05.12 21:13:15,2021.05.12 21:22:29,'00:09:14,'OK,E0022500E4067A11,4113864,'0000000007,3.683,OK,OK,OK,5,561,24.99,68.65,OK,LED1 Red ON,LED1 Green ON,LED1 Blue ON,LED2 Red ON,LED2 Green ON,LED2 Blue ON,'0100000002,
JEG9B00054,Denali_v0100000002.mot 2F1607E1,4.864,52.599,'BG96MAR02A07M1G,'860640052477413,'89460800231121178209,19.24,32.7686303,6.806,24.649,-,PASS,2021.05.12 21:05:07,SST Denali#1(TEST HEAD 4),'5210325006291,71064,2021.05.12 20:58:46,2021.05.12 21:05:07,'00:06:21,'OK,E0022500E41D09BA,4111952,'0000000007,3.683,OK,OK,OK,4,577,25.17,66.86,OK,LED1 Red ON,LED1 Green ON,LED1 Blue ON,LED2 Red ON,LED2 Green ON,LED2 Blue ON,'0100000002,
JEG9B000G4,Denali_v0100000002.mot 2F1607E1,4.870,51.885,'BG96MAR02A07M1G,'860640052365659,'89460800231121176997,23.44,32.7687681,6.760,34.643,-,PASS,2021.05.12 21:04:03,SST Denali#1(TEST HEAD 1),'5210325006652,71064,2021.05.12 20:54:00,2021.05.12 21:04:03,'00:10:03,'OK,E0022500E41F4068,4112185,'0000000007,3.688,OK,OK,OK,5,390,25.57,65.16,OK,LED1 Red ON,LED1 Green ON,LED1 Blue ON,LED2 Red ON,LED2 Green ON,LED2 Blue ON,'0100000002,
JEG9B000C4,Denali_v0100000002.mot 2F1607E1,4.836,52.990,'BG96MAR02A07M1G,'860640052345610,'89460800231121181351,13.41,32.7684393,6.903,34.488,-,PASS,2021.05.12 20:49:26,SST Denali#1(TEST HEAD 3),'5210325006061,71064,2021.05.12 20:40:18,2021.05.12 20:49:26,'00:09:08,'OK,E0022500E41F7228,4111888,'0000000007,3.663,OK,OK,OK,4,363,24.96,68.48,OK,LED1 Red ON,LED1 Green ON,LED1 Blue ON,LED2 Red ON,LED2 Green ON,LED2 Blue ON,'0100000002,
JEG9B000D4,Denali_v0100000002.mot 2F1607E1,4.839,52.199,'BG96MAR02A07M1G,'860640052294503,'89460800231121181948,20.84,32.7686828,6.894,32.831,-,PASS,2021.05.12 19:16:54,SST Denali#1(TEST HEAD 3),'5210325006189,81087,2021.05.12 19:13:10,2021.05.12 19:16:54,'00:03:44,'OK,E0022500E409400A,4106480,'0000000007,3.676,OK,OK,OK,4,359,25.10,69.28,OK,LED1 Red ON,LED1 Green ON,LED1 Blue ON,LED2 Red ON,LED2 Green ON,LED2 Blue ON,'0100000002,
JEG9B004S4,Denali_v0100000002.mot 2F1607E1,4.860,53.458,'BG96MAR02A07M1G,'860640052397082,'89460800231121178845,27.73,32.7689086,6.786,31.640,-,PASS,2021.05.13 01:01:23,SST Denali#1(TEST HEAD 4),'5210325006509,71064,2021.05.13 00:51:49,2021.05.13 01:01:23,'00:09:34,'OK,E0022500E3FDA747,4115678,'0000000007,3.673,OK,OK,OK,2,571,25.33,69.88,OK,LED1 Red ON,LED1 Green ON,LED1 Blue ON,LED2 Red ON,LED2 Green ON,LED2 Blue ON,'0100000002,
JEG9B00554,Denali_v0100000002.mot 2F1607E1,4.858,53.121,'BG96MAR02A07M1G,'860640052392711,'89460800231121178977,14.82,32.7684856,7.168,30.397,-,PASS,2021.05.13 00:40:43,SST Denali#1(TEST HEAD 4),'5210325006532,71064,2021.05.13 00:31:11,2021.05.13 00:40:43,'00:09:32,'OK,E0022500E3FC3A53,4118108,'0000000007,3.678,OK,OK,OK,2,551,25.10,72.78,OK,LED1 Red ON,LED1 Green ON,LED1 Blue ON,LED2 Red ON,LED2 Green ON,LED2 Blue ON,'0100000002,
JEG9B00464,Denali_v0100000002.mot 2F1607E1,4.847,53.379,'BG96MAR02A07M1G,'860640052477520,'89460800231121183399,40.08,32.7693133,6.752,34.333,-,PASS,2021.05.13 00:40:27,SST Denali#1(TEST HEAD 3),'5210325006303,71064,2021.05.13 00:31:07,2021.05.13 00:40:27,'00:09:20,'OK,E0022500E415BADF,4118045,'0000000007,3.691,OK,OK,OK,2,356,24.98,72.70,OK,LED1 Red ON,LED1 Green ON,LED1 Blue ON,LED2 Red ON,LED2 Green ON,LED2 Blue ON,'0100000002,
JEG9B006Q4,Denali_v0100000002.mot 2F1607E1,4.847,52.787,'BG96MAR02A07M1G,'860640052294982,'89460800231121182771,15.01,32.7684920,6.811,30.190,-,PASS,2021.05.12 16:31:35,SST Denali#1(TEST HEAD 4),'5210325006334,81087,2021.05.12 16:25:24,2021.05.12 16:31:35,'00:06:11,'OK,E0022500E3FC2568,4103494,'0000000007,3.672,OK,OK,OK,5,555,25.90,64.31,OK,LED1 Red ON,LED1 Green ON,LED1 Blue ON,LED2 Red ON,LED2 Green ON,LED2 Blue ON,'0100000002,
JEG9B00334,Denali_v0100000002.mot 2F1607E1,4.865,53.672,'BG96MAR02A07M1G,'860640052356336,'89460800231121435740,21.82,32.7687151,7.054,30.811,-,PASS,2021.05.13 01:58:33,SST Denali#1(TEST HEAD 1),'5210325005668,71064,2021.05.13 01:51:04,2021.05.13 01:58:33,'00:07:29,'OK,E00225018B6BF680,4114933,'0000000007,3.691,OK,OK,OK,2,370,25.85,72.25,OK,LED1 Red ON,LED1 Green ON,LED1 Blue ON,LED2 Red ON,LED2 Green ON,LED2 Blue ON,'0100000002,
JEG9B00384,Denali_v0100000002.mot 2F1607E1,4.840,54.183,'BG96MAR02A07M1G,'860640052398213,'89460800231121437894,31.18,32.7690218,6.916,30.552,-,PASS,2021.05.13 02:09:30,SST Denali#1(TEST HEAD 3),'5210325005672,71064,2021.05.13 02:03:00,2021.05.13 02:09:30,'00:06:30,'OK,E00225018B6DEC12,4114362,'0000000007,3.661,OK,OK,OK,2,344,25.48,71.53,OK,LED1 Red ON,LED1 Green ON,LED1 Blue ON,LED2 Red ON,LED2 Green ON,LED2 Blue ON,'0100000002,
JEG9B003A4,Denali_v0100000002.mot 2F1607E1,4.866,53.179,'BG96MAR02A07M1G,'860640052348630,'89460800231121437100,32.52,32.7690656,6.888,31.018,-,PASS,2021.05.13 02:08:58,SST Denali#1(TEST HEAD 1),'5210325005762,71064,2021.05.13 02:02:37,2021.05.13 02:08:58,'00:06:21,'OK,E00225018B6E3097,4114811,'0000000007,3.666,OK,OK,OK,2,357,26.19,68.24,OK,LED1 Red ON,LED1 Green ON,LED1 Blue ON,LED2 Red ON,LED2 Green ON,LED2 Blue ON,'0100000002,
JEG9B003F4,Denali_v0100000002.mot 2F1607E1,4.841,52.878,'BG96MAR02A07M1G,'860640052321660,'89460800231121435989,25.23,32.7688267,6.713,31.226,-,PASS,2021.05.13 01:59:32,SST Denali#1(TEST HEAD 3),'5210325005701,71064,2021.05.13 01:51:21,2021.05.13 01:59:32,'00:08:11,'OK,E00225018B6CA62D,4115393,'0000000007,3.680,OK,OK,OK,1,355,25.25,74.43,OK,LED1 Red ON,LED1 Green ON,LED1 Blue ON,LED2 Red ON,LED2 Green ON,LED2 Blue ON,'0100000002,
JEG9B00504,Denali_v0100000002.mot 2F1607E1,4.867,52.846,'BG96MAR02A07M1G,'860640052379858,'89460800231121184272,25.96,32.7688505,6.720,34.747,-,PASS,2021.05.13 01:04:10,SST Denali#1(TEST HEAD 1),'5210325006166,71064,2021.05.13 00:57:42,2021.05.13 01:04:10,'00:06:28,'OK,E0022500E42361D0,4116388,'0000000007,3.682,OK,OK,OK,2,404,25.79,67.94,OK,LED1 Red ON,LED1 Green ON,LED1 Blue ON,LED2 Red ON,LED2 Green ON,LED2 Blue ON,'0100000002,
JEG9B00534,Denali_v0100000002.mot 2F1607E1,4.858,51.987,'BG96MAR02A07M1G,'860640052465723,'89460800231121182979,20.01,32.7686557,6.775,30.397,-,PASS,2021.05.13 00:49:50,SST Denali#1(TEST HEAD 4),'5210325006551,71064,2021.05.13 00:42:13,2021.05.13 00:49:50,'00:07:37,'OK,E0022500E415E247,4116813,'0000000007,3.684,OK,OK,OK,2,545,25.23,71.91,OK,LED1 Red ON,LED1 Green ON,LED1 Blue ON,LED2 Red ON,LED2 Green ON,LED2 Blue ON,'0100000002,
JEG9B00644,Denali_v0100000002.mot 2F1607E1,4.865,54.359,'BG96MAR02A07M1G,'860640052338169,'89460800231121182623,11.37,32.7683725,6.969,33.608,-,PASS,2021.05.12 15:06:37,SST Denali#1(TEST HEAD 1),'5210325006544,36254,2021.05.12 14:56:59,2021.05.12 15:06:37,'00:09:38,'OK,E0022500E3FB3266,4106646,'0000000007,3.712,OK,OK,OK,4,386,25.88,63.74,OK,LED1 Red ON,LED1 Green ON,LED1 Blue ON,LED2 Red ON,LED2 Green ON,LED2 Blue ON,'0100000002,
JEG9B00394,Denali_v0100000002.mot 2F1607E1,4.854,52.187,'BG96MAR02A07M1G,'860640052407451,'89460800231121438413,38.45,32.7692600,6.762,21.438,-,PASS,2021.05.13 01:59:36,SST Denali#1(TEST HEAD 4),'5210325005621,71064,2021.05.13 01:51:28,2021.05.13 01:59:36,'00:08:08,'OK,E00225018B692961,4115052,'0000000007,3.659,OK,OK,OK,2,559,25.22,74.11,OK,LED1 Red ON,LED1 Green ON,LED1 Blue ON,LED2 Red ON,LED2 Green ON,LED2 Blue ON,'0100000002,
JEG9B005T4,Denali_v0100000002.mot 2F1607E1,4.860,53.088,'BG96MAR02A07M1G,'860640052474691,'89460800231121177227,22.32,32.7687313,6.762,28.326,-,PASS,2021.05.13 01:18:19,SST Denali#1(TEST HEAD 4),'5210325006380,71064,2021.05.13 01:11:36,2021.05.13 01:18:19,'00:06:43,'OK,E0022500E3FE09E0,4116666,'0000000007,3.661,OK,OK,OK,2,558,25.23,70.27,OK,LED1 Red ON,LED1 Green ON,LED1 Blue ON,LED2 Red ON,LED2 Green ON,LED2 Blue ON,'0100000002,
JEF9B00BM4,Denali_v0100000002.mot 2F1607E1,4.860,52.326,'BG96MAR02A07M1G,'860640052294495,'89460800231121183381,15.69,32.7685141,6.898,26.565,-,PASS,2021.05.13 00:30:40,SST Denali#1(TEST HEAD 4),'5210325006315,71064,2021.05.13 00:22:47,2021.05.13 00:30:40,'00:07:53,'OK,E0022500E4096448,4116896,'0000000007,3.675,OK,OK,OK,2,571,25.08,73.96,OK,LED1 Red ON,LED1 Green ON,LED1 Blue ON,LED2 Red ON,LED2 Green ON,LED2 Blue ON,'0100000002,
JEG9B000S4,Denali_v0100000002.mot 2F1607E1,4.872,52.754,'BG96MAR02A07M1G,'860640052440858,'89460800231121183720,29.77,32.7689756,6.962,34.177,-,PASS,2021.05.12 22:08:23,SST Denali#1(TEST HEAD 2),'5210325006592,71064,2021.05.12 22:00:26,2021.05.12 22:08:23,'00:07:57,'OK,E0022500E41FCA27,4117102,'0000000007,3.668,OK,OK,OK,5,430,25.00,69.01,OK,LED1 Red ON,LED1 Green ON,LED1 Blue ON,LED2 Red ON,LED2 Green ON,LED2 Blue ON,'0100000002,
JEG9B00104,Denali_v0100000002.mot 2F1607E1,4.870,52.089,'BG96MAR02A07M1G,'860640052459932,'89460800231121175734,23.16,32.7687589,6.841,34.902,-,PASS,2021.05.12 20:36:43,SST Denali#1(TEST HEAD 1),'5210325006404,71064,2021.05.12 20:28:12,2021.05.12 20:36:43,'00:08:31,'OK,E0022500E40911AB,4110399,'0000000007,3.672,OK,OK,OK,4,396,25.45,68.41,OK,LED1 Red ON,LED1 Green ON,LED1 Blue ON,LED2 Red ON,LED2 Green ON,LED2 Blue ON,'0100000002,
JEF9B00AP4,Denali_v0100000002.mot 2F1607E1,4.862,54.211,'BG96MAR02A07M1G,'860640052294990,'89460800231121178571,24.03,32.7687873,6.850,23.717,-,PASS,2021.05.12 22:44:08,SST Denali#1(TEST HEAD 4),'5210325006284,71064,2021.05.12 22:34:41,2021.05.12 22:44:08,'00:09:27,'OK,E0022500E3FC21EE,4119015,'0000000007,3.674,OK,OK,OK,4,543,25.17,69.88,OK,LED1 Red ON,LED1 Green ON,LED1 Blue ON,LED2 Red ON,LED2 Green ON,LED2 Blue ON,'0100000002,
JEF9B00AH4,Denali_v0100000002.mot 2F1607E1,4.870,53.651,'BG96MAR02A07M1G,'860640052294669,'89460800231121182235,25.16,32.7688246,6.814,34.592,-,PASS,2021.05.12 20:52:58,SST Denali#1(TEST HEAD 1),'5210325006339,71064,2021.05.12 20:42:52,2021.05.12 20:52:58,'00:10:06,'OK,E0022500E4050E22,4111534,'0000000007,3.669,OK,OK,OK,3,375,25.57,66.28,OK,LED1 Red ON,LED1 Green ON,LED1 Blue ON,LED2 Red ON,LED2 Green ON,LED2 Blue ON,'0100000002,
JEG9B001A4,Denali_v0100000002.mot 2F1607E1,4.861,52.934,'BG96MAR02A07M1G,'860640052474931,'89460800231121182490,36.56,32.7691980,6.890,28.999,-,PASS,2021.05.12 23:37:03,SST Denali#1(TEST HEAD 4),'5210325006428,71064,2021.05.12 23:30:46,2021.05.12 23:37:03,'00:06:17,'OK,E0022500E41F676D,4118697,'0000000007,3.685,OK,OK,OK,2,558,24.51,73.86,OK,LED1 Red ON,LED1 Green ON,LED1 Blue ON,LED2 Red ON,LED2 Green ON,LED2 Blue ON,'0100000002,
JEG9B00124,Denali_v0100000002.mot 2F1607E1,4.862,52.410,'BG96MAR02A07M1G,'860640052295104,'89460800231121182763,30.38,32.7689956,6.651,27.704,-,PASS,2021.05.12 14:01:06,SST Denali#1(TEST HEAD 4),'5210325006337,36254,2021.05.12 13:52:41,2021.05.12 14:01:06,'00:08:25,'OK,E0022500E3FC2755,4112003,'0000000007,3.663,OK,OK,OK,4,566,25.24,66.59,OK,LED1 Red ON,LED1 Green ON,LED1 Blue ON,LED2 Red ON,LED2 Green ON,LED2 Blue ON,'0100000002,
JEG9B00134,Denali_v0100000002.mot 2F1607E1,4.865,52.899,'BG96MAR02A07M1G,'860640052366830,'89460800231121176443,13.89,32.7684550,6.884,30.035,-,PASS,2021.05.12 20:57:14,SST Denali#1(TEST HEAD 4),'5210325006614,71064,2021.05.12 20:49:54,2021.05.12 20:57:14,'00:07:20,'OK,E0022500E41D0083,4112317,'0000000007,3.679,OK,OK,OK,4,546,24.97,68.03,OK,LED1 Red ON,LED1 Green ON,LED1 Blue ON,LED2 Red ON,LED2 Green ON,LED2 Blue ON,'0100000002,
JEG9B005W4,Denali_v0100000002.mot 2F1607E1,4.863,54.068,'BG96MAR02A07M1G,'860640052459593,'89460800231121182136,16.67,32.7685461,6.464,27.394,-,PASS,2021.05.12 21:31:11,SST Denali#1(TEST HEAD 4),'5210325005959,71064,2021.05.12 21:23:28,2021.05.12 21:31:11,'00:07:43,'OK,E0022500E415B55D,4114056,'0000000007,3.674,OK,OK,OK,4,530,25.12,70.37,OK,LED1 Red ON,LED1 Green ON,LED1 Blue ON,LED2 Red ON,LED2 Green ON,LED2 Blue ON,'0100000002,
JEG9B003J4,Denali_v0100000002.mot 2F1607E1,4.932,52.108,'BG96MAR02A07M1G,'860640052424605,'89460800231121436185,19.82,32.7686494,6.640,28.740,-,PASS,2021.05.13 01:58:49,SST Denali#1(TEST HEAD 2),'5210325005222,71064,2021.05.13 01:51:11,2021.05.13 01:58:49,'00:07:38,'OK,E00225018B69D94F,4114187,'0000000007,3.667,OK,OK,OK,2,424,25.29,73.40,OK,LED1 Red ON,LED1 Green ON,LED1 Blue ON,LED2 Red ON,LED2 Green ON,LED2 Blue ON,'0100000002,
JEG9B003M4,Denali_v0100000002.mot 2F1607E1,4.927,53.340,'BG96MAR02A07M1G,'860640052460914,'89460800231121436367,26.93,32.7688823,6.951,29.361,-,PASS,2021.05.13 02:09:10,SST Denali#1(TEST HEAD 2),'5210325005461,71064,2021.05.13 02:02:43,2021.05.13 02:09:10,'00:06:27,'OK,E00225018B6DF329,4115641,'0000000007,3.670,OK,OK,OK,2,426,25.58,70.00,OK,LED1 Red ON,LED1 Green ON,LED1 Blue ON,LED2 Red ON,LED2 Green ON,LED2 Blue ON,'0100000002,
JEG9B007Z4,Denali_v0100000002.mot 2F1607E1,4.846,53.585,'BG96MAR02A07M1G,'860640052440676,'89460800231121185170,26.56,32.7688704,6.399,29.931,-,PASS,2021.05.12 23:47:09,SST Denali#1(TEST HEAD 3),'5210325006594,71064,2021.05.12 23:38:54,2021.05.12 23:47:09,'00:08:15,'OK,E0022500E4099BE4,4119045,'0000000007,3.667,OK,OK,OK,1,355,24.89,73.12,OK,LED1 Red ON,LED1 Green ON,LED1 Blue ON,LED2 Red ON,LED2 Green ON,LED2 Blue ON,'0100000002,
JEG9B008C4,Denali_v0100000002.mot 2F1607E1,4.867,53.902,'BG96MAR02A07M1G,'860640052399484,'89460800231121183902,26.76,32.7688769,6.963,34.954,-,PASS,2021.05.13 01:32:08,SST Denali#1(TEST HEAD 1),'5210325006693,71064,2021.05.13 01:26:24,2021.05.13 01:32:08,'00:05:44,'OK,E0022500E3FE4547,4117561,'0000000007,3.670,OK,OK,OK,2,371,26.01,67.39,OK,LED1 Red ON,LED1 Green ON,LED1 Blue ON,LED2 Red ON,LED2 Green ON,LED2 Blue ON,'0100000002,
JEG9B007J4,Denali_v0100000002.mot 2F1607E1,4.847,53.292,'BG96MAR02A07M1G,'860640052475094,'89460800231121183860,23.86,32.7687817,6.778,34.850,-,PASS,2021.05.13 01:27:50,SST Denali#1(TEST HEAD 3),'5210325006268,71064,2021.05.13 01:19:50,2021.05.13 01:27:50,'00:08:00,'OK,E0022500E41532AD,4116652,'0000000007,3.669,OK,OK,OK,2,363,25.16,69.93,OK,LED1 Red ON,LED1 Green ON,LED1 Blue ON,LED2 Red ON,LED2 Green ON,LED2 Blue ON,'0100000002,
JEG9B007B4,Denali_v0100000002.mot 2F1607E1,4.859,53.806,'BG96MAR02A07M1G,'860640052280635,'89460800231121183514,17.91,32.7685870,6.896,33.815,-,PASS,2021.05.12 23:54:51,SST Denali#1(TEST HEAD 4),'5210325006235,71064,2021.05.12 23:48:36,2021.05.12 23:54:51,'00:06:15,'OK,E0022500E41CC9CA,4119063,'0000000007,3.686,OK,OK,OK,2,536,24.76,71.59,OK,LED1 Red ON,LED1 Green ON,LED1 Blue ON,LED2 Red ON,LED2 Green ON,LED2 Blue ON,'0100000002,
JEH9B00014,Denali_v0100000002.mot 2F1607E1,4.904,53.972,'BG96MAR02A07M1G,'860640052380245,'89460800231121183639,21.89,32.7687172,6.415,32.468,-,PASS,2021.05.13 00:13:02,SST Denali#1(TEST HEAD 2),'5210325006431,71064,2021.05.13 00:04:03,2021.05.13 00:13:02,'00:08:59,'OK,E0022500E41F91F8,4118927,'0000000007,3.672,OK,OK,OK,1,411,25.11,70.01,OK,LED1 Red ON,LED1 Green ON,LED1 Blue ON,LED2 Red ON,LED2 Green ON,LED2 Blue ON,'0100000002,
JEG9B00944,Denali_v0100000002.mot 2F1607E1,4.871,52.094,'BG96MAR02A07M1G,'860640052362102,'89460800231121182318,15.24,32.7684995,6.253,34.695,-,PASS,2021.05.12 21:29:31,SST Denali#1(TEST HEAD 1),'5210325006449,71064,2021.05.12 21:18:05,2021.05.12 21:29:31,'00:11:26,'OK,E0022500E4098FDB,4114273,'0000000007,3.684,OK,OK,OK,4,408,25.57,67.23,OK,LED1 Red ON,LED1 Green ON,LED1 Blue ON,LED2 Red ON,LED2 Green ON,LED2 Blue ON,'0100000002,
JEG9B00884,Denali_v0100000002.mot 2F1607E1,4.842,54.157,'BG96MAR02A07M1G,'860640052460252,'89460800231121178472,18.49,32.7686060,6.838,33.090,-,PASS,2021.05.12 16:31:34,SST Denali#1(TEST HEAD 3),'5210325006539,81087,2021.05.12 16:25:32,2021.05.12 16:31:34,'00:06:02,'OK,E0022500E3FD60D5,4105127,'0000000007,3.682,OK,OK,OK,4,357,25.85,64.36,OK,LED1 Red ON,LED1 Green ON,LED1 Blue ON,LED2 Red ON,LED2 Green ON,LED2 Blue ON,'0100000002,
JEG9B00664,Denali_v0100000002.mot 2F1607E1,4.915,52.542,'BG96MAR02A07M1G,'860640052397090,'89460800231121177805,26.80,32.7688782,6.841,32.727,-,PASS,2021.05.13 01:01:22,SST Denali#1(TEST HEAD 2),'5210325006692,71064,2021.05.13 00:51:33,2021.05.13 01:01:22,'00:09:49,'OK,E0022500E3FE753A,4117243,'0000000007,3.668,OK,OK,OK,3,425,25.37,68.89,OK,LED1 Red ON,LED1 Green ON,LED1 Blue ON,LED2 Red ON,LED2 Green ON,LED2 Blue ON,'0100000002,
JEG9B005B4,Denali_v0100000002.mot 2F1607E1,4.858,52.286,'BG96MAR02A07M1G,'860640052309954,'89460800231121178035,25.76,32.7688441,6.226,24.235,-,PASS,2021.05.13 01:10:25,SST Denali#1(TEST HEAD 4),'5210325006700,71064,2021.05.13 01:03:22,2021.05.13 01:10:25,'00:07:03,'OK,E0022500E404F0D7,4116530,'0000000007,3.680,OK,OK,OK,2,531,25.16,68.74,OK,LED1 Red ON,LED1 Green ON,LED1 Blue ON,LED2 Red ON,LED2 Green ON,LED2 Blue ON,'0100000002,
JEG9B00564,Denali_v0100000002.mot 2F1607E1,4.859,54.126,'BG96MAR02A07M1G,'860640052471713,'89460800231121183258,34.05,32.7691156,6.888,26.410,-,PASS,2021.05.13 01:27:50,SST Denali#1(TEST HEAD 4),'5210325006780,71064,2021.05.13 01:19:54,2021.05.13 01:27:50,'00:07:56,'OK,E0022500E40571BF,4117096,'0000000007,3.692,OK,OK,OK,2,569,25.32,70.32,OK,LED1 Red ON,LED1 Green ON,LED1 Blue ON,LED2 Red ON,LED2 Green ON,LED2 Blue ON,'0100000002,
JEG9B004V4,Denali_v0100000002.mot 2F1607E1,4.860,51.935,'BG96MAR02A07M1G,'860640052474584,'89460800231121184173,31.02,32.7690166,6.626,24.701,-,PASS,2021.05.12 23:47:59,SST Denali#1(TEST HEAD 4),'5210325006825,71064,2021.05.12 23:39:43,2021.05.12 23:47:59,'00:08:16,'OK,E0022500E41CBF6E,4118872,'0000000007,3.682,OK,OK,OK,2,541,24.63,71.85,OK,LED1 Red ON,LED1 Green ON,LED1 Blue ON,LED2 Red ON,LED2 Green ON,LED2 Blue ON,'0100000002,
JEG9B006N4,Denali_v0100000002.mot 2F1607E1,4.853,52.884,'BG96MAR02A07M1G,'860640052295047,'89460800231121182805,29.62,32.7689705,6.870,34.333,-,PASS,2021.05.12 16:44:33,SST Denali#1(TEST HEAD 3),'5210325006330,36254,2021.05.12 16:36:25,2021.05.12 16:44:33,'00:08:08,'OK,E0022500E3F78423,4105034,'0000000007,3.681,OK,OK,OK,4,362,25.84,62.33,OK,LED1 Red ON,LED1 Green ON,LED1 Blue ON,LED2 Red ON,LED2 Green ON,LED2 Blue ON,'0100000002,
JEG9B006F4,Denali_v0100000002.mot,4.7981,15.1496,'BG96MAR02A07M1G,'860640052364991,'89460800231121181328,28.52478,32.7689347,5.3605,31.9938,,PASS,2021.05.12 16:38:10,SST Denali#3,5210325006064,36254,2021.05.12 16:34:23,2021.05.12 16:38:10,'00:03:47,OK,'E0022500E41C9FAA,4105467,'0000000007,3.67996,OK,OK,OK,4,528,26.9696,59.31702,OK,PASS,PASS,PASS,PASS,PASS,PASS,'0100000002,
JEG9B006G4,Denali_v0100000002.mot,4.79794,15.077,'BG96MAR02A07M1G,'860640052474576,'89460800231121177276,38.03986,32.76924649,5.68924,27.0829,,PASS,2021.05.13 08:14:53,SST Denali#3,5210325006366,81087,2021.05.13 08:11:30,2021.05.13 08:14:53,'00:03:23,OK,'E0022500E3FBD38B,4122286,'0000000007,3.69788,OK,OK,OK,4,544,24.31,77.94647,OK,PASS,PASS,PASS,PASS,PASS,PASS,'0100000002,
JEG9B001R4,Denali_v0100000002.mot,4.82013,15.077,'BG96MAR02A07M1G,'860640052475631,'89460800231121184819,-1.17554,32.76796148,5.22029,27.2237,,PASS,2021.05.12 19:04:23,SST Denali#3,5210325005907,36254,2021.05.12 19:01:03,2021.05.12 19:04:23,'00:03:20,OK,'E0022500E3FC3157,4105200,'0000000007,3.68706,OK,OK,OK,1,498,25.76797,68.75,OK,PASS,PASS,PASS,PASS,PASS,PASS,'0100000002,
JEG9B003R4,Denali_v0100000002.mot,4.812,15.314,'BG96MAR02A07M1G,'860640052330414,'89460800231121184058,37.81281,32.76923905,5.41077,22.172,,PASS,2021.05.13 01:25:54,SST Denali#3,5210325006636,71064,2021.05.13 01:21:33,2021.05.13 01:25:54,'00:04:21,OK,'E0022500E41150EA,4115698,'0000000007,3.70233,OK,OK,OK,1,482,26.08841,68.02368,OK,PASS,PASS,PASS,PASS,PASS,PASS,'0100000002,
JEG9B007A4,Denali_v0100000002.mot,4.82777,15.192,'BG96MAR02A07M1G,'860640052475680,'89460800231121181757,19.67987,32.76864487,5.32129,23.2441,,PASS,2021.05.12 22:01:09,SST Denali#3,5210325005902,71064,2021.05.12 21:57:21,2021.05.12 22:01:09,'00:03:48,OK,'E0022500E3F781DF,4116890,'0000000007,3.685,OK,OK,OK,6,624,26.04301,66.49323,OK,PASS,PASS,PASS,PASS,PASS,PASS,'0100000002,
JEG9B007W4,Denali_v0100000002.mot,4.7646,15.1329,'BG96MAR02A07M1G,'860640052395656,'89460800231121181435,22.71240,32.76874424,5.38933,27.24,,PASS,2021.05.13 00:05:35,SST Denali#3,5210325006525,71064,2021.05.13 00:01:10,2021.05.13 00:05:35,'00:04:25,OK,'E0022500E3FBE988,4118115,'0000000007,3.70031,OK,OK,OK,1,598,26.28334,65.39307,OK,PASS,PASS,PASS,PASS,PASS,PASS,'0100000002,
JEG9B003P4,Denali_v0100000002.mot,4.81323,18.095,'BG96MAR02A07M1G,'860640052462696,'89460800231121436680,35.66589,32.7691687,5.2115,26.3628,,PASS,2021.05.13 02:00:15,SST Denali#3,5210325005444,71064,2021.05.13 01:56:43,2021.05.13 02:00:15,'00:03:32,OK,'E00225018B6D2E7C,4114887,'0000000007,3.66768,OK,OK,OK,1,579,26.59576,68.55469,OK,PASS,PASS,PASS,PASS,PASS,PASS,'0100000002,
JEG9B006K4,Denali_v0100000002.mot,4.81349,15.3892,'BG96MAR02A07M1G,'860640052462282,'89460800231121182813,11.63330,32.7683812,5.37145,22.08,,PASS,2021.05.13 00:42:49,SST Denali#3,5210325005899,71064,2021.05.13 00:39:18,2021.05.13 00:42:49,'00:03:31,OK,'E0022500E3FE7440,4119129,'0000000007,3.70417,OK,OK,OK,1,490,25.81871,69.94019,OK,PASS,PASS,PASS,PASS,PASS,PASS,'0100000002,
JEG9B005X4,Denali_v0100000002.mot,4.83002,15.65,'BG96MAR02A07M1G,'860640052364322,'89460800231121184264,28.50159,32.76893394,5.31318,28.534,,PASS,2021.05.13 01:03:58,SST Denali#3,5210325006396,71064,2021.05.13 00:59:27,2021.05.13 01:03:58,'00:04:31,OK,'E0022500E4065C6E,4117593,'0000000007,3.66952,OK,OK,OK,5,620,26.39549,65.69824,OK,PASS,PASS,PASS,PASS,PASS,PASS,'0100000002,
JEG9B005F4,Denali_v0100000002.mot,4.81973,19.1983,'BG96MAR02A07M1G,'860640052392570,'89460800231121177920,15.89386,32.76852081,5.3588,26.1733,,PASS,2021.05.13 01:05:29,SST Denali#3,5210325006538,71064,2021.05.13 01:01:36,2021.05.13 01:05:29,'00:03:53,OK,'E0022500E3FC3696,4117687,'0000000007,3.6884,OK,OK,OK,1,513,26.12312,65.6189,OK,PASS,PASS,PASS,PASS,PASS,PASS,'0100000002,
JEG9B004G4,Denali_v0100000002.mot,4.79966,16.4818,'BG96MAR02A07M1G,'860640052387604,'89460800231121176898,10.34454,32.76833897,5.51255,23.9426,,PASS,2021.05.13 01:20:10,SST Denali#3,5210325006609,71064,2021.05.13 01:15:58,2021.05.13 01:20:10,'00:04:12,OK,'E0022500E4055487,4117304,'0000000007,3.6958,OK,OK,OK,4,588,26.3768,66.38031,OK,PASS,PASS,PASS,PASS,PASS,PASS,'0100000002,
JEG9B00634,Denali_v0100000002.mot,4.82787,15.784,'BG96MAR02A07M1G,'860640052440791,'89460800231121181419,28.13477,32.76892192,5.23134,23.3361,,PASS,2021.05.12 23:50:35,SST Denali#3,5210325006593,71064,2021.05.12 23:46:29,2021.05.12 23:50:35,'00:04:06,OK,'E0022500E4099D5F,4119227,'0000000007,3.67041,OK,OK,OK,4,617,25.88814,66.4978,OK,PASS,PASS,PASS,PASS,PASS,PASS,'0100000002,
JEG9B005R4,Denali_v0100000002.mot,4.80985,17.7495,'BG96MAR02A07M1G,'860640052362268,'89460800231121176880,14.92950,32.76848921,5.3202,26.2762,,PASS,2021.05.13 01:15:08,SST Denali#3,5210325006424,71064,2021.05.13 01:12:51,2021.05.13 01:15:08,'00:02:17,OK,'E0022500E41CAFD7,4115863,'0000000007,3.68248,OK,OK,OK,1,599,26.36612,65.1001,OK,PASS,PASS,PASS,PASS,PASS,PASS,'0100000002,
JEG9B001X4,Denali_v0100000002.mot,4.81791,15.4804,'BG96MAR02A07M1G,'860640052380336,'89460800231121177706,13.47748,32.76844163,5.43774,26.953,,PASS,2021.05.12 18:59:14,SST Denali#3,5210325005926,36254,2021.05.12 18:55:41,2021.05.12 18:59:14,'00:03:33,OK,'E0022500E41EFF85,4105861,'0000000007,3.6962,OK,OK,OK,1,508,25.86945,67.69867,OK,PASS,PASS,PASS,PASS,PASS,PASS,'0100000002,
JEG9B001W4,Denali_v0100000002.mot,4.81865,15.0939,'BG96MAR02A07M1G,'860640052481258,'89460800231121185022,18.21228,32.76859678,5.40354,25.4207,,PASS,2021.05.12 21:18:29,SST Denali#3,5210325006098,71064,2021.05.12 21:14:13,2021.05.12 21:18:29,'00:04:16,OK,'E0022500E41F36CC,4114264,'0000000007,3.69992,OK,OK,OK,1,496,25.784,65.64636,OK,PASS,PASS,PASS,PASS,PASS,PASS,'0100000002,
JEG9B006V4,Denali_v0100000002.mot,4.8118,15.4121,'BG96MAR02A07M1G,'860640052462167,'89460800231121176328,9.93591,32.76832558,5.33534,24.5761,,PASS,2021.05.12 22:49:45,SST Denali#3,5210325006260,71064,2021.05.12 22:46:04,2021.05.12 22:49:45,'00:03:41,OK,'E0022500E411FDA0,4118395,'0000000007,3.70443,OK,OK,OK,1,511,25.83206,68.75458,OK,PASS,PASS,PASS,PASS,PASS,PASS,'0100000002,
JEG9B00624,Denali_v0100000002.mot,4.82999,16.6172,'BG96MAR02A07M1G,'860640052380534,'89460800231121179009,32.55737,32.76906684,5.3823,26.1896,,PASS,2021.05.12 16:48:50,SST Denali#3,5210325005966,36254,2021.05.12 16:44:38,2021.05.12 16:48:50,'00:04:12,OK,'E0022500E41D3184,4105199,'0000000007,3.67964,OK,OK,OK,6,622,26.66252,59.3399,OK,PASS,PASS,PASS,PASS,PASS,PASS,'0100000002,
JEG9B00164,Denali_v0100000002.mot,4.82034,15.813,'BG96MAR02A07M1G,'860640052481167,'89460800231121184942,25.46417,32.76883441,5.3806,22.0259,,PASS,2021.05.12 21:17:53,SST Denali#3,5210325006103,71064,2021.05.12 21:13:55,2021.05.12 21:17:53,'00:03:58,OK,'E0022500E41F552D,4113775,'0000000007,3.67676,OK,OK,OK,5,619,25.74661,65.49225,OK,PASS,PASS,PASS,PASS,PASS,PASS,'0100000002,
JEG9B00174,Denali_v0100000002.mot,4.82172,15.5839,'BG96MAR02A07M1G,'860640052364231,'89460800231121175676,8.15247,32.76826714,5.26198,22.995,,PASS,2021.05.12 20:50:45,SST Denali#3,5210325006276,71064,2021.05.12 20:46:26,2021.05.12 20:50:45,'00:04:19,OK,'E0022500E40686FA,4112303,'0000000007,3.69931,OK,OK,OK,1,486,25.93353,65.10315,OK,PASS,PASS,PASS,PASS,PASS,PASS,'0100000002,
JEG9B001G4,Denali_v0100000002.mot,4.8232,15.8707,'BG96MAR02A07M1G,'860640052369206,'89460800231121183969,41.71814,32.76936702,5.29039,22.394,,PASS,2021.05.12 14:58:26,SST Denali#3,5210325006599,36254,2021.05.12 14:54:25,2021.05.12 14:58:26,'00:04:01,OK,'E0022500E3FE48F8,4106519,'0000000007,3.68386,OK,OK,OK,6,634,26.46759,61.18011,OK,PASS,PASS,PASS,PASS,PASS,PASS,'0100000002,
JEF9B00AG4,Denali_v0100000002.mot,4.80149,15.8851,'BG96MAR02A07M1G,'860640052403856,'89460800231121184983,19.82819,32.76864973,5.42498,25.02,,PASS,2021.05.12 21:13:25,SST Denali#3,5210325006108,71064,2021.05.12 21:09:07,2021.05.12 21:13:25,'00:04:18,OK,'E0022500E40579FC,4113737,'0000000007,3.69505,OK,OK,OK,1,580,26.47827,62.99438,OK,PASS,PASS,PASS,PASS,PASS,PASS,'0100000002,
JEF9B00BJ4,Denali_v0100000002.mot,4.82829,17.4429,'BG96MAR02A07M1G,'860640052380351,'89460800231121177698,19.49463,32.7686388,5.1974,26.1138,,PASS,2021.05.12 14:25:52,SST Denali#3,5210325005935,36254,2021.05.12 14:22:15,2021.05.12 14:25:52,'00:03:37,OK,'E0022500E41F2675,4109496,'0000000007,3.69009,OK,OK,OK,5,634,25.84541,63.99384,OK,PASS,PASS,PASS,PASS,PASS,PASS,'0100000002,
JEG9B00764,Denali_v0100000002.mot,4.81871,15.2955,'BG96MAR02A07M1G,'860640052387620,'89460800231121176906,26.68671,32.76887447,5.4785,26.6227,,PASS,2021.05.13 01:20:38,SST Denali#3,5210325006566,71064,2021.05.13 01:16:04,2021.05.13 01:20:38,'00:04:34,OK,'E0022500E3FE00D9,4116589,'0000000007,3.6958,OK,OK,OK,1,522,26.10443,66.38031,OK,PASS,PASS,PASS,PASS,PASS,PASS,'0100000002,
JEG9B009F4,Denali_v0100000002.mot,4.84758,15.6697,'BG96MAR02A07M1G,'860640052366962,'89460800231121178134,3.93402,32.76812891,5.3481,28.6477,,PASS,2021.05.12 22:45:14,SST Denali#3,5210325006406,71064,2021.05.12 22:41:45,2021.05.12 22:45:14,'00:03:29,OK,'E0022500E411EAD8,4117017,'0000000007,3.70659,OK,OK,OK,1,507,25.89615,67.00439,OK,PASS,PASS,PASS,PASS,PASS,PASS,'0100000002,
JEG9B00714,Denali_v0100000002.mot,4.82766,15.171,'BG96MAR02A07M1G,'860640052364645,'89460800231121178159,18.03406,32.76859094,6.80498,21.165,,PASS,2021.05.12 22:53:51,SST Denali#3,5210325006407,71064,2021.05.12 22:49:35,2021.05.12 22:53:51,'00:04:16,OK,'E0022500E411F499,4118366,'0000000007,3.68404,OK,OK,OK,5,647,26.18988,68.17932,OK,PASS,PASS,PASS,PASS,PASS,PASS,'0100000002,
JEG9B00724,Denali_v0100000002.mot,4.8044,16.1369,'BG96MAR02A07M1G,'860640052362789,'89460800231121178167,22.45422,32.76873578,5.42183,24.013,,PASS,2021.05.12 22:54:33,SST Denali#3,5210325006408,71064,2021.05.12 22:49:58,2021.05.12 22:54:33,'00:04:35,OK,'E0022500E4092C69,4117330,'0000000007,3.68408,OK,OK,OK,1,590,26.86012,65.41901,OK,PASS,PASS,PASS,PASS,PASS,PASS,'0100000002,
JEG9B00674,Denali_v0100000002.mot,4.80505,18.0026,'BG96MAR02A07M1G,'860640052473685,'89460800231121184074,27.78015,32.7689103,5.34573,27.9926,,PASS,2021.05.13 01:36:02,SST Denali#3,5210325006778,71064,2021.05.13 01:32:36,2021.05.13 01:36:02,'00:03:26,OK,'E0022500E4054D07,4117500,'0000000007,3.65966,OK,OK,OK,1,596,26.9429,64.59961,OK,PASS,PASS,PASS,PASS,PASS,PASS,'0100000002,
JEG9B006X4,Denali_v0100000002.mot,4.8115,15.0676,'BG96MAR02A07M1G,'860640052467539,'89460800231121178654,25.57159,32.76883793,5.4349,26.4873,,PASS,2021.05.12 16:44:06,SST Denali#3,5210325006714,36254,2021.05.12 16:39:39,2021.05.12 16:44:06,'00:04:27,OK,'E0022500E409528E,4105573,'0000000007,3.70371,OK,OK,OK,1,470,26.49696,59.91058,OK,PASS,PASS,PASS,PASS,PASS,PASS,'0100000002,
JEG9B00684,Denali_v0100000002.mot,4.7979,15.9585,'BG96MAR02A07M1G,'860640052343417,'89460800231121183142,25.42236,32.76883304,5.35348,23.217,,PASS,2021.05.12 16:29:46,SST Denali#3,5210325006724,36254,2021.05.12 16:26:32,2021.05.12 16:29:46,'00:03:14,OK,'E0022500E3F78F27,4105409,'0000000007,3.68406,OK,OK,OK,5,598,27.24464,60.03723,OK,PASS,PASS,PASS,PASS,PASS,PASS,'0100000002,
JEG9B004W4,Denali_v0100000002.mot,4.82733,16.1009,'BG96MAR02A07M1G,'860640052292887,'89460800231121177714,12.39563,32.76840618,5.38995,27.424,,PASS,2021.05.12 16:38:04,SST Denali#3,5210325006719,36254,2021.05.12 16:33:53,2021.05.12 16:38:04,'00:04:11,OK,'E0022500E40950B3,4102662,'0000000007,3.68183,OK,OK,OK,6,631,26.69991,60.15778,OK,PASS,PASS,PASS,PASS,PASS,PASS,'0100000002,
JEG9B003V4,Denali_v0100000002.mot,4.82739,15.346,'BG96MAR02A07M1G,'860640052294222,'89460800231121176179,20.85419,32.76868335,5.33209,23.0817,,PASS,2021.05.12 20:08:20,SST Denali#3,5210325006797,71064,2021.05.12 20:04:05,2021.05.12 20:08:20,'00:04:15,OK,'E0022500E3FBCB71,4109136,'0000000007,3.69151,OK,OK,OK,6,615,25.57571,67.82379,OK,PASS,PASS,PASS,PASS,PASS,PASS,'0100000002,
JEG9B007K4,Denali_v0100000002.mot,4.78991,15.1476,'BG96MAR02A07M1G,'860640052456409,'89460800231121179173,11.16333,32.7683658,5.36138,25.2366,,PASS,2021.05.12 16:33:59,SST Denali#3,5210325005992,36254,2021.05.12 16:30:10,2021.05.12 16:33:59,'00:03:49,OK,'E0022500E4125B44,4104401,'0000000007,3.68477,OK,OK,OK,5,574,27.24197,58.95081,OK,PASS,PASS,PASS,PASS,PASS,PASS,'0100000002,
JEG9B00974,Denali_v0100000002.mot,4.83178,18.3179,'BG96MAR02A07M1G,'860640052460443,'89460800231121178373,25.58746,32.76883845,5.34087,26.7093,,PASS,2021.05.12 21:28:35,SST Denali#3,5210325006038,71064,2021.05.12 21:24:12,2021.05.12 21:28:35,'00:04:23,OK,'E0022500E40992DD,4114595,'0000000007,3.69308,OK,OK,OK,1,597,26.6011,64.43634,OK,PASS,PASS,PASS,PASS,PASS,PASS,'0100000002,
JEG9B007H4,Denali_v0100000002.mot,4.79991,16.4187,'BG96MAR02A07M1G,'860640052473677,'89460800231121184959,28.43597,32.76893179,5.34759,23.7531,,PASS,2021.05.13 01:25:49,SST Denali#3,5210325006106,71064,2021.05.13 01:21:27,2021.05.13 01:25:49,'00:04:22,OK,'E0022500E4057704,4117165,'0000000007,3.68328,OK,OK,OK,4,590,26.26465,66.5863,OK,PASS,PASS,PASS,PASS,PASS,PASS,'0100000002,
JEG9B008P4,Denali_v0100000002.mot,4.80932,17.6307,'BG96MAR02A07M1G,'860640052397280,'89460800231121183654,11.59119,32.76837982,5.43154,26.0434,,PASS,2021.05.12 23:55:55,SST Denali#3,5210325006432,71064,2021.05.12 23:52:04,2021.05.12 23:55:55,'00:03:51,OK,'E0022500E41F8D84,4119196,'0000000007,3.68872,OK,OK,OK,1,610,25.91484,65.5777,OK,PASS,PASS,PASS,PASS,PASS,PASS,'0100000002,
JEG9B008J4,Denali_v0100000002.mot,4.80434,15.2853,'BG96MAR02A07M1G,'860640052397207,'89460800231121183662,6.98181,32.76822878,5.46946,23.3253,,PASS,2021.05.13 00:00:32,SST Denali#3,5210325006436,71064,2021.05.13 00:-03:-20,2021.05.13 00:00:32,'00:03:52,OK,'E0022500E41F8FB9,4118317,'0000000007,3.68852,OK,OK,OK,1,633,26.16852,65.20386,OK,PASS,PASS,PASS,PASS,PASS,PASS,'0100000002,
JEG9B00864,Denali_v0100000002.mot,4.7998,17.5407,'BG96MAR02A07M1G,'860640052396878,'89460800231121178456,26.18530,32.76885804,5.41465,24.3541,,PASS,2021.05.12 15:00:39,SST Denali#3,5210325006517,36254,2021.05.12 14:57:50,2021.05.12 15:00:39,'00:02:49,OK,'E0022500E3FDCCE5,4105769,'0000000007,3.68451,OK,OK,OK,4,561,26.40083,61.87897,OK,PASS,PASS,PASS,PASS,PASS,PASS,'0100000002,
JEG9B007S4,Denali_v0100000002.mot,4.82824,16.2614,'BG96MAR02A07M1G,'860640052301605,'89460800231121183571,9.52362,32.76831207,5.46615,26.6227,,PASS,2021.05.13 00:01:43,SST Denali#3,5210325006236,71064,2021.05.13 00:-02:-57,2021.05.13 00:01:43,'00:04:40,OK,'E0022500E41CCF71,4118474,'0000000007,3.68598,OK,OK,OK,4,615,25.75729,67.80243,OK,PASS,PASS,PASS,PASS,PASS,PASS,'0100000002,
JEG9B009B4,Denali_v0100000002.mot,4.8281,19.1438,'BG96MAR02A07M1G,'860640052276005,'89460800231121183597,24.28101,32.76879564,5.48119,24.1321,,PASS,2021.05.13 00:06:18,SST Denali#3,5210325006222,71064,2021.05.13 00:02:49,2021.05.13 00:06:18,'00:03:29,OK,'E0022500E41161ED,4118499,'0000000007,3.68264,OK,OK,OK,6,660,25.96291,66.04309,OK,PASS,PASS,PASS,PASS,PASS,PASS,'0100000002,
JEG9B009A4,Denali_v0100000002.mot,4.82814,16.3052,'BG96MAR02A07M1G,'860640052294537,'89460800231121178316,18.69263,32.76861252,5.29887,27.332,,PASS,2021.05.12 17:00:23,SST Denali#3,5210325006328,36254,2021.05.12 16:56:06,2021.05.12 17:00:23,'00:04:17,OK,'E0022500E4096E36,4106678,'0000000007,3.68051,OK,OK,OK,4,588,26.87614,58.27789,OK,PASS,PASS,PASS,PASS,PASS,PASS,'0100000002,
JEG9B008K4,Denali_v0100000002.mot,4.81386,15.0118,'BG96MAR02A07M1G,'860640052379742,'89460800231121177425,4.71924,32.76815464,5.26988,24.9334,,PASS,2021.05.12 16:34:43,SST Denali#3,5210325006363,36254,2021.05.12 16:30:57,2021.05.12 16:34:43,'00:03:46,OK,'E0022500E4233071,4105001,'0000000007,3.69842,OK,OK,OK,1,487,26.29402,62.56104,OK,PASS,PASS,PASS,PASS,PASS,PASS,'0100000002,
JEG9B008G4,Denali_v0100000002.mot,4.81874,15.2064,'BG96MAR02A07M1G,'860640052364074,'89460800231121184249,23.61816,32.76877392,5.36153,23.504,,PASS,2021.05.13 00:54:14,SST Denali#3,5210325006394,71064,2021.05.13 00:50:14,2021.05.13 00:54:14,'00:04:00,OK,'E0022500E4068EB9,4117448,'0000000007,3.70839,OK,OK,OK,1,510,25.99762,67.73529,OK,PASS,PASS,PASS,PASS,PASS,PASS,'0100000002,
JEG9B009J4,Denali_v0100000002.mot,4.79019,16.372,'BG96MAR02A07M1G,'860640052291970,'89460800231121183035,24.02374,32.76878721,5.15844,25.1175,,PASS,2021.05.12 15:05:26,SST Denali#3,5210325006717,36254,2021.05.12 15:01:10,2021.05.12 15:05:26,'00:04:16,OK,'E0022500E4094849,4106344,'0000000007,3.68462,OK,OK,OK,5,587,26.58241,61.16791,OK,PASS,PASS,PASS,PASS,PASS,PASS,'0100000002,
JEG9B009H4,Denali_v0100000002.mot,4.80359,15.8382,'BG96MAR02A07M1G,'860640052417328,'89460800231121179819,19.20959,32.76862946,5.37445,26.4332,,PASS,2021.05.12 16:33:40,SST Denali#3,5210325006752,36254,2021.05.12 16:29:06,2021.05.12 16:33:40,'00:04:34,OK,'E0022500E3FDD9A0,4104434,'0000000007,3.68483,OK,OK,OK,2,577,27.7253,57.05719,OK,PASS,PASS,PASS,PASS,PASS,PASS,'0100000002,
JEG9B008Q4,Denali_v0100000002.mot,4.80177,15.6852,'BG96MAR02A07M1G,'860640052393487,'89460800231121176922,18.02429,32.76859062,5.31721,26.222,,PASS,2021.05.13 01:13:01,SST Denali#3,5210325006608,71064,2021.05.13 01:09:19,2021.05.13 01:13:01,'00:03:42,OK,'E0022500E4055A7F,4118150,'0000000007,3.68545,OK,OK,OK,4,571,26.28334,65.89203,OK,PASS,PASS,PASS,PASS,PASS,PASS,'0100000002,
JEF9B00B34,Denali_v0100000002.mot,4.80624,15.108,'BG96MAR02A07M1G,'860640052394030,'89460800231121185436,28.55896,32.76893582,5.40421,24.7331,,PASS,2021.05.13 00:16:36,SST Denali#3,5210325006155,71064,2021.05.13 00:12:42,2021.05.13 00:16:36,'00:03:54,OK,'E0022500E41CB0EC,4118914,'0000000007,3.69047,OK,OK,OK,1,568,26.54236,65.99731,OK,PASS,PASS,PASS,PASS,PASS,PASS,'0100000002,
JEF9B00B64,Denali_v0100000002.mot,4.79052,15.1369,'BG96MAR02A07M1G,'860640052477553,'89460800231121182474,21.78192,32.76871375,5.38261,25.4478,,PASS,2021.05.13 00:16:11,SST Denali#3,5210325006309,71064,2021.05.13 00:12:06,2021.05.13 00:16:11,'00:04:05,OK,'E0022500E415C438,4119037,'0000000007,3.69051,OK,OK,OK,4,557,26.04836,67.1814,OK,PASS,PASS,PASS,PASS,PASS,PASS,'0100000002,
JEF9B00AF4,Denali_v0100000002.mot,4.83119,15.1298,'BG96MAR02A07M1G,'860640052474915,'89460800231121175510,14.53461,32.76847627,5.3606,22.7947,,PASS,2021.05.12 21:00:36,SST Denali#3,5210325006387,71064,2021.05.12 20:56:37,2021.05.12 21:00:36,'00:03:59,OK,'E0022500E3FE0525,4112151,'0000000007,3.68995,OK,OK,OK,6,628,25.94421,64.80865,OK,PASS,PASS,PASS,PASS,PASS,PASS,'0100000002,
JEF9B00AR4,Denali_v0100000002.mot,4.80908,15.7279,'BG96MAR02A07M1G,'860640052295054,'89460800231121177193,25.50598,32.76883578,5.36138,27.7056,,PASS,2021.05.12 14:37:15,SST Denali#3,5210325006819,36254,2021.05.12 14:32:55,2021.05.12 14:37:15,'00:04:20,OK,'E0022500E3F79CD9,4108386,'0000000007,3.68943,OK,OK,OK,2,597,26.81473,59.9823,OK,PASS,PASS,PASS,PASS,PASS,PASS,'0100000002,
JEG9B000Y4,Denali_v0100000002.mot,4.79224,16.2411,'BG96MAR02A07M1G,'860640052364405,'89460800231121182706,21.01196,32.76868852,5.40963,28.4853,,PASS,2021.05.12 14:33:38,SST Denali#3,5210325005964,36254,2021.05.12 14:30:04,2021.05.12 14:33:38,'00:03:34,OK,'E0022500E40999D9,4108540,'0000000007,3.68129,OK,OK,OK,5,592,26.4489,62.35352,OK,PASS,PASS,PASS,PASS,PASS,PASS,'0100000002,
JEG9B000A4,Denali_v0100000002.mot,4.84774,17.2849,'BG96MAR02A07M1G,'860640052367044,'89460800231121178712,24.54224,32.7688042,5.29902,25.8918,,PASS,2021.05.12 14:31:49,SST Denali#3,5210325006009,36254,2021.05.12 14:27:49,2021.05.12 14:31:49,'00:04:00,OK,'E0022500E41FBDF9,4108382,'0000000007,3.69709,OK,OK,OK,1,471,26.01631,62.53357,OK,PASS,PASS,PASS,PASS,PASS,PASS,'0100000002,
JEG9B000E4,Denali_v0100000002.mot,4.79867,16.0064,'BG96MAR02A07M1G,'860640052460385,'89460800231121184488,18.19458,32.7685962,6.77754,31.8964,,PASS,2021.05.12 19:14:47,SST Denali#3,5210325006044,36254,2021.05.12 19:10:51,2021.05.12 19:14:47,'00:03:56,OK,'E0022500E409965B,4106331,'0000000007,3.68177,OK,OK,OK,4,583,26.44356,65.59143,OK,PASS,PASS,PASS,PASS,PASS,PASS,'0100000002,
JEG9B000J4,Denali_v0100000002.mot,4.82693,15.6419,'BG96MAR02A07M1G,'860640052380146,'89460800231121181849,17.48779,32.76857304,5.33922,27.018,,PASS,2021.05.12 19:04:19,SST Denali#3,5210325005942,36254,2021.05.12 19:00:52,2021.05.12 19:04:19,'00:03:27,OK,'E0022500E41F87FA,4106687,'0000000007,3.67694,OK,OK,OK,6,670,26.06705,67.47437,OK,PASS,PASS,PASS,PASS,PASS,PASS,'0100000002,
JEG9B001J4,Denali_v0100000002.mot,4.83091,15.0095,'BG96MAR02A07M1G,'860640052341023,'89460800231121179728,30.42297,32.7689969,5.35131,23.2008,,PASS,2021.05.12 21:45:18,SST Denali#3,5210325006555,71064,2021.05.12 21:41:07,2021.05.12 21:45:18,'00:04:11,OK,'E0022500E3FB29DB,4115813,'0000000007,3.67972,OK,OK,OK,5,612,26.14716,67.06848,OK,PASS,PASS,PASS,PASS,PASS,PASS,'0100000002,
JEG9B000W4,Denali_v0100000002.mot,4.81129,15.4198,'BG96MAR02A07M1G,'860640052294719,'89460800231121176054,26.83197,32.76887923,5.58007,27.0829,,PASS,2021.05.12 23:32:25,SST Denali#3,5210325006317,71064,2021.05.12 23:28:35,2021.05.12 23:32:25,'00:03:50,OK,'E0022500E3FE56B9,4118566,'0000000007,3.67958,OK,OK,OK,1,611,25.8828,71.08612,OK,PASS,PASS,PASS,PASS,PASS,PASS,'0100000002,
JEG9B001Z4,Denali_v0100000002.mot,4.81003,15.0049,'BG96MAR02A07M1G,'860640052380328,'89460800231121177565,30.53345,32.76900052,5.34738,29.8443,,PASS,2021.05.12 18:59:38,SST Denali#3,5210325005925,36254,2021.05.12 18:55:47,2021.05.12 18:59:38,'00:03:51,OK,'E0022500E41D1EC2,4105554,'0000000007,3.6806,OK,OK,OK,1,627,26.53702,65.49988,OK,PASS,PASS,PASS,PASS,PASS,PASS,'0100000002,
JEG9B004Y4,Denali_v0100000002.mot,4.80487,15.3005,'BG96MAR02A07M1G,'860640052440783,'89460800231121181682,19.42291,32.76863645,5.32413,22.0042,,PASS,2021.05.12 23:45:56,SST Denali#3,5210325006127,71064,2021.05.12 23:42:29,2021.05.12 23:45:56,'00:03:27,OK,'E0022500E4124E01,4119529,'0000000007,3.6753,OK,OK,OK,1,604,25.95757,68.24341,OK,PASS,PASS,PASS,PASS,PASS,PASS,'0100000002,
JEG9B003C4,Denali_v0100000002.mot,4.81304,16.5342,'BG96MAR02A07M1G,'860640052348051,'89460800231121436524,38.06335,32.76924726,5.43206,27.397,,PASS,2021.05.13 02:04:45,SST Denali#3,5210325005695,71064,2021.05.13 02:01:54,2021.05.13 02:04:45,'00:02:51,OK,'E00225018B6BC97F,4115908,'0000000007,3.69041,OK,OK,OK,1,635,26.87881,66.66565,OK,PASS,PASS,PASS,PASS,PASS,PASS,'0100000002,
JEG9B00284,Denali_v0100000002.mot,4.8189,15.5951,'BG96MAR02A07M1G,'860640052379791,'89460800231121182383,29.94415,32.76898121,5.36303,30.2233,,PASS,2021.05.12 20:55:57,SST Denali#3,5210325006173,71064,2021.05.12 20:51:50,2021.05.12 20:55:57,'00:04:07,OK,'E0022500E4236297,4112931,'0000000007,3.69246,OK,OK,OK,1,475,25.76797,65.13519,OK,PASS,PASS,PASS,PASS,PASS,PASS,'0100000002,
JEG9B003B4,Denali_v0100000002.mot,4.83119,16.0339,'BG96MAR02A07M1G,'860640052408236,'89460800231121435948,43.83667,32.76943644,5.42539,25.8755,,PASS,2021.05.13 01:54:19,SST Denali#3,5210325005735,71064,2021.05.13 01:50:20,2021.05.13 01:54:19,'00:03:59,OK,'E00225018B6CAD29,4115391,'0000000007,3.70101,OK,OK,OK,5,630,26.1525,71.78955,OK,PASS,PASS,PASS,PASS,PASS,PASS,'0100000002,
JEG9B006R4,Denali_v0100000002.mot,4.82791,15.1118,'BG96MAR02A07M1G,'860640052460039,'89460800231121181625,7.17834,32.76823522,5.34536,29.0484,,PASS,2021.05.12 16:33:16,SST Denali#3,5210325006422,36254,2021.05.12 16:28:19,2021.05.12 16:33:16,'00:04:57,OK,'E0022500E41CB196,4104256,'0000000007,3.67591,OK,OK,OK,5,624,26.47827,61.75537,OK,PASS,PASS,PASS,PASS,PASS,PASS,'0100000002,
JEG9B00544,Denali_v0100000002.mot,4.8272,15.3774,'BG96MAR02A07M1G,'860640052379783,'89460800231121177409,24.09790,32.76878964,5.22271,29.5032,,PASS,2021.05.13 00:47:13,SST Denali#3,5210325006364,71064,2021.05.13 00:43:18,2021.05.13 00:47:13,'00:03:55,OK,'E0022500E423324C,4117452,'0000000007,3.67581,OK,OK,OK,5,648,26.33408,68.13354,OK,PASS,PASS,PASS,PASS,PASS,PASS,'0100000002,
JEG9B006E4,Denali_v0100000002.mot,4.80444,17.8396,'BG96MAR02A07M1G,'860640052391044,'89460800231121179025,-4.11713,32.76786509,5.4382,26.8772,,PASS,2021.05.12 16:28:45,SST Denali#3,5210325006601,36254,2021.05.12 16:24:54,2021.05.12 16:28:45,'00:03:51,OK,'E0022500E3FE02E4,4104348,'0000000007,3.66999,OK,OK,OK,2,628,27.45026,59.23157,OK,PASS,PASS,PASS,PASS,PASS,PASS,'0100000002,
JEG9B006P4,Denali_v0100000002.mot,4.80341,17.4887,'BG96MAR02A07M1G,'860640052363969,'89460800231121181211,28.22754,32.76892496,5.36381,28.4744,,PASS,2021.05.12 16:43:42,SST Denali#3,5210325006687,36254,2021.05.12 16:39:22,2021.05.12 16:43:42,'00:04:20,OK,'E0022500E3FDDAE7,4105386,'0000000007,3.67333,OK,OK,OK,2,597,27.63985,57.46613,OK,PASS,PASS,PASS,PASS,PASS,PASS,'0100000002,
JEG9B00514,Denali_v0100000002.mot,4.79228,15.2686,'BG96MAR02A07M1G,'860640052363886,'89460800231121176872,21.98425,32.76872038,5.34779,29.8443,,PASS,2021.05.13 01:05:59,SST Denali#3,5210325006688,71064,2021.05.13 01:01:23,2021.05.13 01:05:59,'00:04:36,OK,'E0022500E3FDD8DA,4116976,'0000000007,3.69146,OK,OK,OK,4,539,26.18454,65.86151,OK,PASS,PASS,PASS,PASS,PASS,PASS,'0100000002,
JEG9B006C4,Denali_v0100000002.mot,4.81135,16.4418,'BG96MAR02A07M1G,'860640052391119,'89460800231121179033,23.00964,32.76875398,5.27841,28.9184,,PASS,2021.05.13 08:15:13,SST Denali#3,5210325006574,81087,2021.05.13 08:11:49,2021.05.13 08:15:13,'00:03:24,OK,'E0022500E40556BA,4119105,'0000000007,3.68093,OK,OK,OK,1,567,24.41681,77.15759,OK,PASS,PASS,PASS,PASS,PASS,PASS,'0100000002,
JEG9B004R4,Denali_v0100000002.mot,4.85822,15.5058,'BG96MAR02A07M1G,'860640052392729,'89460800231121177953,26.33331,32.76886289,5.38205,24.2295,,PASS,2021.05.13 01:07:25,SST Denali#3,5210325006534,71064,2021.05.13 01:04:20,2021.05.13 01:07:25,'00:03:05,OK,'E0022500E3FC3CE8,4117135,'0000000007,3.69771,OK,OK,OK,5,639,26.10176,65.58685,OK,PASS,PASS,PASS,PASS,PASS,PASS,'0100000002,
JEG9B004T4,Denali_v0100000002.mot,4.81868,15.2827,'BG96MAR02A07M1G,'860640052474741,'89460800231121177235,28.57147,32.76893623,5.37683,27.5323,,PASS,2021.05.13 01:13:41,SST Denali#3,5210325006370,71064,2021.05.13 01:09:25,2021.05.13 01:13:41,'00:04:16,OK,'E0022500E3FBCCB0,4117487,'0000000007,3.71884,OK,OK,OK,1,517,26.20056,66.52069,OK,PASS,PASS,PASS,PASS,PASS,PASS,'0100000002,
JEG9B004Z4,Denali_v0100000002.mot,4.77953,15.4384,'BG96MAR02A07M1G,'860640052462357,'89460800231121181724,30.23804,32.76899084,5.25573,21.5819,,PASS,2021.05.13 00:56:48,SST Denali#3,5210325006393,71064,2021.05.13 00:52:17,2021.05.13 00:56:48,'00:04:31,OK,'E0022500E3FE7885,4118142,'0000000007,3.69051,OK,OK,OK,4,636,26.22726,67.25464,OK,PASS,PASS,PASS,PASS,PASS,PASS,'0100000002,
JEG9B00694,Denali_v0100000002.mot,4.80387,17.0584,'BG96MAR02A07M1G,'860640052480185,'89460800231121183811,27.45087,32.76889951,5.48925,25.8105,,PASS,2021.05.13 01:26:13,SST Denali#3,5210325006455,71064,2021.05.13 01:21:39,2021.05.13 01:26:13,'00:04:34,OK,'E0022500E4127578,4116557,'0000000007,3.68203,OK,OK,OK,1,610,26.80138,64.80713,OK,PASS,PASS,PASS,PASS,PASS,PASS,'0100000002,
JEG9B003H4,Denali_v0100000002.mot,4.81097,17.9909,'BG96MAR02A07M1G,'860640052320779,'89460800231121439114,15.48737,32.76850749,5.38995,20.8239,,PASS,2021.05.13 01:54:56,SST Denali#3,5210325005744,71064,2021.05.13 01:50:38,2021.05.13 01:54:56,'00:04:18,OK,'E00225018B6A662B,4115416,'0000000007,3.69081,OK,OK,OK,1,618,26.67854,70.16754,OK,PASS,PASS,PASS,PASS,PASS,PASS,'0100000002,
JEG9B003D4,Denali_v0100000002.mot,4.81799,15.1019,'BG96MAR02A07M1G,'860640052407576,'89460800231121431822,14.16901,32.76846429,5.51115,27.2075,,PASS,2021.05.13 01:54:38,SST Denali#3,5210325005644,71064,2021.05.13 01:50:32,2021.05.13 01:54:38,'00:04:06,OK,'E00225018B68F417,4115206,'0000000007,3.71064,OK,OK,OK,1,510,26.05103,71.76361,OK,PASS,PASS,PASS,PASS,PASS,PASS,'0100000002,
JEG9B005C4,Denali_v0100000002.mot,4.82949,15.7801,'BG96MAR02A07M1G,'860640052460575,'89460800231121184520,39.92950,32.76930841,5.19879,27.5973,,PASS,2021.05.12 23:45:26,SST Denali#3,5210325006042,71064,2021.05.12 23:42:05,2021.05.12 23:45:26,'00:03:21,OK,'E0022500E406782C,4118187,'0000000007,3.69059,OK,OK,OK,5,635,25.97092,68.81104,OK,PASS,PASS,PASS,PASS,PASS,PASS,'0100000002,
JEG9B006H4,Denali_v0100000002.mot,4.81051,17.6343,'BG96MAR02A07M1G,'860640052294974,'89460800231121176963,19.15771,32.76862776,5.27241,22.0962,,PASS,2021.05.13 01:06:04,SST Denali#3,5210325006279,71064,2021.05.13 01:01:41,2021.05.13 01:06:04,'00:04:23,OK,'E0022500E3FC4D8D,4117668,'0000000007,3.66457,OK,OK,OK,1,562,26.63849,63.89313,OK,PASS,PASS,PASS,PASS,PASS,PASS,'0100000002,
JEG9B00454,Denali_v0100000002.mot,4.79997,15.7076,'BG96MAR02A07M1G,'860640052294966,'89460800231121176930,24.37378,32.76879868,5.39599,26.0271,,PASS,2021.05.13 01:31:23,SST Denali#3,5210325006280,71064,2021.05.13 01:27:19,2021.05.13 01:31:23,'00:04:04,OK,'E0022500E3FC4B36,4117841,'0000000007,3.67696,OK,OK,OK,3,564,26.53969,66.81824,OK,PASS,PASS,PASS,PASS,PASS,PASS,'0100000002,
JEG9B00594,Denali_v0100000002.mot,4.84805,15.5654,'BG96MAR02A07M1G,'860640052476423,'89460800231121178258,21.02142,32.76868883,5.57982,30.5157,,PASS,2021.05.13 01:00:16,SST Denali#3,5210325006289,71064,2021.05.13 00:55:09,2021.05.13 01:00:16,'00:05:07,OK,'E0022500E415995C,4116769,'0000000007,3.70302,OK,OK,OK,1,504,26.16051,65.73486,OK,PASS,PASS,PASS,PASS,PASS,PASS,'0100000002,
JEG9B006J4,Denali_v0100000002.mot,4.80823,15.0182,'BG96MAR02A07M1G,'860640052477629,'89460800231121178605,-4.58740,32.76784968,5.46264,27.4728,,PASS,2021.05.12 16:37:50,SST Denali#3,5210325006294,36254,2021.05.12 16:34:05,2021.05.12 16:37:50,'00:03:45,OK,'E0022500E4159322,4104999,'0000000007,3.69732,OK,OK,OK,1,597,27.45026,57.33795,OK,PASS,PASS,PASS,PASS,PASS,PASS,'0100000002,
JEG9B006B4,Denali_v0100000002.mot,4.79908,15.2288,'BG96MAR02A07M1G,'860640052379809,'89460800231121177458,34.42902,32.76912817,5.58545,27.4728,,PASS,2021.05.12 16:48:23,SST Denali#3,5210325006170,36254,2021.05.12 16:44:45,2021.05.12 16:48:23,'00:03:38,OK,'E0022500E41F3E8F,4106017,'0000000007,3.66839,OK,OK,OK,5,586,26.86546,58.81348,OK,PASS,PASS,PASS,PASS,PASS,PASS,'0100000002,
JEG9B006T4,Denali_v0100000002.mot,4.80106,15.0279,'BG96MAR02A07M1G,'860640052462076,'89460800231121176369,30.67780,32.76900525,5.32671,28.6152,,PASS,2021.05.12 22:54:09,SST Denali#3,5210325006258,71064,2021.05.12 22:49:47,2021.05.12 22:54:09,'00:04:22,OK,'E0022500E411FF9D,4118422,'0000000007,3.68236,OK,OK,OK,5,575,26.14449,68.30139,OK,PASS,PASS,PASS,PASS,PASS,PASS,'0100000002,
JEG9B006W4,Denali_v0100000002.mot,4.84778,15.0941,'BG96MAR02A07M1G,'860640052380500,'89460800231121185030,32.42676,32.76906256,5.28011,29.5573,,PASS,2021.05.12 23:58:04,SST Denali#3,5210325005969,71064,2021.05.12 23:54:49,2021.05.12 23:58:04,'00:03:15,OK,'E0022500E41D2786,4118516,'0000000007,3.69874,OK,OK,OK,1,501,25.72258,68.25867,OK,PASS,PASS,PASS,PASS,PASS,PASS,'0100000002,
JEG9B003W4,Denali_v0100000002.mot,4.80216,16.0345,'BG96MAR02A07M1G,'860640052459536,'89460800231121178530,23.97339,32.76878556,5.28714,30.2883,,PASS,2021.05.13 00:54:56,SST Denali#3,5210325005973,71064,2021.05.13 00:50:08,2021.05.13 00:54:56,'00:04:48,OK,'E0022500E41D2FC5,4117365,'0000000007,3.68612,OK,OK,OK,4,540,26.36078,66.90521,OK,PASS,PASS,PASS,PASS,PASS,PASS,'0100000002,
JEG9B00354,Denali_v0100000002.mot,4.79867,16.0323,'BG96MAR02A07M1G,'860640052401264,'89460800231121439213,42.15057,32.76938119,5.47489,21.5169,,PASS,2021.05.13 02:04:05,SST Denali#3,5210325005194,71064,2021.05.13 02:01:06,2021.05.13 02:04:05,'00:02:59,OK,'E00225018B6E2CEB,4114730,'0000000007,3.68008,OK,OK,OK,2,576,25.79468,70.56274,OK,PASS,PASS,PASS,PASS,PASS,PASS,'0100000002,
JEG9B001K4,Denali_v0100000002.mot,4.82098,19.0445,'BG96MAR02A07M1G,'860640052294321,'89460800231121176419,15.49835,32.76850785,5.35182,31.6311,,PASS,2021.05.12 21:45:52,SST Denali#3,5210325006789,71064,2021.05.12 21:41:19,2021.05.12 21:45:52,'00:04:33,OK,'E0022500E3FDEC21,4116059,'0000000007,3.68147,OK,OK,OK,1,494,26.01631,67.72308,OK,PASS,PASS,PASS,PASS,PASS,PASS,'0100000002,
JEG9B001Q4,Denali_v0100000002.mot,4.81798,17.5849,'BG96MAR02A07M1G,'860640052460054,'89460800231121176476,12.02911,32.76839417,5.35797,24.9334,,PASS,2021.05.12 20:50:14,SST Denali#3,5210325006596,71064,2021.05.12 20:46:02,2021.05.12 20:50:14,'00:04:12,OK,'E0022500E405EA33,4112368,'0000000007,3.68609,OK,OK,OK,5,650,25.83473,65.34882,OK,PASS,PASS,PASS,PASS,PASS,PASS,'0100000002,
JEG9B000Z4,Denali_v0100000002.mot,4.81889,16.5849,'BG96MAR02A07M1G,'860640052365485,'89460800231121181278,33.12134,32.76908532,5.42198,28.3878,,PASS,2021.05.12 20:40:48,SST Denali#3,5210325005994,71064,2021.05.12 20:36:05,2021.05.12 20:40:48,'00:04:43,OK,'E0022500E41D709C,4111255,'0000000007,3.69835,OK,OK,OK,5,617,25.86143,66.58478,OK,PASS,PASS,PASS,PASS,PASS,PASS,'0100000002,
JEG9B00114,Denali_v0100000002.mot,4.82966,16.0074,'BG96MAR02A07M1G,'860640052291665,'89460800231121179801,14.14124,32.76846338,5.36143,26.1408,,PASS,2021.05.12 15:27:42,SST Denali#3,5210325006748,36254,2021.05.12 15:23:40,2021.05.12 15:27:42,'00:04:02,OK,'E0022500E40961B4,4106935,'0000000007,3.67867,OK,OK,OK,5,638,26.29936,63.22021,OK,PASS,PASS,PASS,PASS,PASS,PASS,'0100000002,
JEG9B000V4,Denali_v0100000002.mot,4.83083,15.0766,'BG96MAR02A07M1G,'860640052301886,'89460800231121184892,17.23785,32.76856485,5.45815,33.7806,,PASS,2021.05.12 23:32:50,SST Denali#3,5210325006226,71064,2021.05.12 23:29:17,2021.05.12 23:32:50,'00:03:33,OK,'E0022500E4114314,4119255,'0000000007,3.69221,OK,OK,OK,5,648,25.55969,72.14966,OK,PASS,PASS,PASS,PASS,PASS,PASS,'0100000002,
JEF9B00AN4,Denali_v0100000002.mot,4.81832,15.3516,'BG96MAR02A07M1G,'860640052462381,'89460800231121183837,27.50580,32.76890131,5.51255,26.3033,,PASS,2021.05.12 12:46:46,SST Denali#3,5210325006454,36254,2021.05.12 12:42:47,2021.05.12 12:46:46,'00:03:59,OK,'E0022500E41271FE,4117114,'0000000007,3.67949,OK,OK,OK,1,471,25.37277,65.00244,OK,PASS,PASS,PASS,PASS,PASS,PASS,'0100000002,
JEG9B00074,Denali_v0100000002.mot,4.81982,15.2276,'BG96MAR02A07M1G,'860640052459650,'89460800231121184595,27.36237,32.76889661,5.34485,24.8143,,PASS,2021.05.12 21:13:30,SST Denali#3,5210325006494,71064,2021.05.12 21:09:14,2021.05.12 21:13:30,'00:04:16,OK,'E0022500E411FEE7,4113809,'0000000007,3.69037,OK,OK,OK,1,481,25.89348,64.99939,OK,PASS,PASS,PASS,PASS,PASS,PASS,'0100000002,
JEG9B008A4,Denali_v0100000002.mot,4.79848,17.0044,'BG96MAR02A07M1G,'860640052338078,'89460800231121179462,28.45703,32.76893248,5.37827,29.2758,,PASS,2021.05.13 00:05:53,SST Denali#3,5210325006630,71064,2021.05.13 00:02:02,2021.05.13 00:05:53,'00:03:51,OK,'E0022500E4114792,4118017,'0000000007,3.68498,OK,OK,OK,4,595,25.67184,68.24646,OK,PASS,PASS,PASS,PASS,PASS,PASS,'0100000002,
JEG9B00794,Denali_v0100000002.mot,4.82121,15.4117,'BG96MAR02A07M1G,'860640052333814,'89460800231121182862,27.99438,32.76891732,5.35807,28.4095,,PASS,2021.05.13 01:33:49,SST Denali#3,5210325006638,71064,2021.05.13 01:30:33,2021.05.13 01:33:49,'00:03:16,OK,'E0022500E41153AD,4117866,'0000000007,3.70111,OK,OK,OK,1,490,26.09642,69.16809,OK,PASS,PASS,PASS,PASS,PASS,PASS,'0100000002,
JEG9B007V4,Denali_v0100000002.mot,4.85831,15.3276,'BG96MAR02A07M1G,'860640052330430,'89460800231121183050,33.83301,32.76910864,5.44735,27.3049,,PASS,2021.05.13 01:39:02,SST Denali#3,5210325006645,71064,2021.05.13 01:34:51,2021.05.13 01:39:02,'00:04:11,OK,'E0022500E4115516,4116248,'0000000007,3.67575,OK,OK,OK,4,600,26.44356,68.35785,OK,PASS,PASS,PASS,PASS,PASS,PASS,'0100000002,
JEG9B00984,Denali_v0100000002.mot,4.79707,15.1423,'BG96MAR02A07M1G,'860640052349406,'89460800231121185113,34.23004,32.76912165,5.45045,27.2779,,PASS,2021.05.13 00:01:23,SST Denali#3,5210325006765,71064,2021.05.13 00:-02:-52,2021.05.13 00:01:23,'00:04:15,OK,'E0022500E3FB4044,4119123,'0000000007,3.67253,OK,OK,OK,4,567,25.64514,67.13409,OK,PASS,PASS,PASS,PASS,PASS,PASS,'0100000002,
JEG9B008F4,Denali_v0100000002.mot,4.82844,16.1447,'BG96MAR02A07M1G,'860640052294230,'89460800231121185162,34.00696,32.76911434,5.22029,20.7697,,PASS,2021.05.13 00:15:59,SST Denali#3,5210325006792,71064,2021.05.13 00:12:01,2021.05.13 00:15:59,'00:03:58,OK,'E0022500E3FBDAB2,4117495,'0000000007,3.68835,OK,OK,OK,4,626,25.83206,68.71643,OK,PASS,PASS,PASS,PASS,PASS,PASS,'0100000002,
JEH9B00074,Denali_v0100000002.mot,4.83056,15.4264,'BG96MAR02A07M1G,'860640052295138,'89460800231121177185,14.71283,32.76848211,6.95392,25.8755,,PASS,2021.05.13 00:11:15,SST Denali#3,5210325006815,71064,2021.05.13 00:07:07,2021.05.13 00:11:15,'00:04:08,OK,'E0022500E3F79F9E,4118499,'0000000007,3.68479,OK,OK,OK,5,603,26.05904,66.76331,OK,PASS,PASS,PASS,PASS,PASS,PASS,'0100000002,
JEG9B007T4,Denali_v0100000002.mot,4.79057,16.6062,'BG96MAR02A07M1G,'860640052462258,'89460800231121182375,26.25916,32.76886046,5.27743,31.2033,,PASS,2021.05.12 21:28:40,SST Denali#3,5210325006386,71064,2021.05.12 21:24:06,2021.05.12 21:28:40,'00:04:34,OK,'E0022500E3FE7AB8,4114528,'0000000007,3.68298,OK,OK,OK,5,584,26.32607,65.43884,OK,PASS,PASS,PASS,PASS,PASS,PASS,'0100000002,
JEG9B008M4,Denali_v0100000002.mot,4.80899,17.5539,'BG96MAR02A07M1G,'860640052379825,'89460800231121177433,21.05682,32.76868999,5.36365,22.7947,,PASS,2021.05.12 16:49:06,SST Denali#3,5210325006361,36254,2021.05.12 16:45:02,2021.05.12 16:49:06,'00:04:04,OK,'E0022500E4232F4A,4105991,'0000000007,3.66785,OK,OK,OK,1,565,27.29805,56.66504,OK,PASS,PASS,PASS,PASS,PASS,PASS,'0100000002,
JEG9B007R4,Denali_v0100000002.mot,4.82953,15.4343,'BG96MAR02A07M1G,'860640052294958,'89460800231121176948,25.16296,32.76882454,5.25097,27.3753,,PASS,2021.05.13 01:13:24,SST Denali#3,5210325006278,71064,2021.05.13 01:09:13,2021.05.13 01:13:24,'00:04:11,OK,'E0022500E3FC490B,4117578,'0000000007,3.67434,OK,OK,OK,4,621,26.06705,66.60614,OK,PASS,PASS,PASS,PASS,PASS,PASS,'0100000002,
JEG9B007M4,Denali_v0100000002.mot,4.80009,15.6314,'BG96MAR02A07M1G,'860640052294214,'89460800231121183373,21.62079,32.76870847,6.79692,23.2712,,PASS,2021.05.12 16:25:54,SST Denali#3,5210325006297,36254,2021.05.12 16:21:45,2021.05.12 16:25:54,'00:04:09,OK,'E0022500E3FBC94C,4105085,'0000000007,3.68108,OK,OK,OK,5,603,26.91086,61.75385,OK,PASS,PASS,PASS,PASS,PASS,PASS,'0100000002,
JEG9B00894,Denali_v0100000002.mot,4.80947,18.0176,'BG96MAR02A07M1G,'860640052380062,'89460800231121177441,21.79321,32.76871412,5.35849,29.9959,,PASS,2021.05.12 16:53:59,SST Denali#3,5210325006169,36254,2021.05.12 16:49:50,2021.05.12 16:53:59,'00:04:09,OK,'E0022500E41F3A09,4105883,'0000000007,3.68504,OK,OK,OK,1,606,27.22328,56.67572,OK,PASS,PASS,PASS,PASS,PASS,PASS,'0100000002,
JEG9B008V4,Denali_v0100000002.mot,4.82677,15.3407,'BG96MAR02A07M1G,'860640052477470,'89460800231121182409,15.93079,32.76852202,5.28864,30.2016,,PASS,2021.05.12 15:09:27,SST Denali#3,5210325006175,36254,2021.05.12 15:04:59,2021.05.12 15:09:27,'00:04:28,OK,'E0022500E41D3A80,4107347,'0000000007,3.69409,OK,OK,OK,6,647,26.11511,63.26294,OK,PASS,PASS,PASS,PASS,PASS,PASS,'0100000002,
JEG9B00824,Denali_v0100000002.mot,4.79116,15.0404,'BG96MAR02A07M1G,'860640052362169,'89460800231121184397,28.68591,32.76893998,5.41651,25.4369,,PASS,2021.05.12 23:33:03,SST Denali#3,5210325006450,71064,2021.05.12 23:28:59,2021.05.12 23:33:03,'00:04:04,OK,'E0022500E4125EB8,4118540,'0000000007,3.68923,OK,OK,OK,3,592,25.45555,71.26312,OK,PASS,PASS,PASS,PASS,PASS,PASS,'0100000002,
JEG9B007G4,Denali_v0100000002.mot,4.81752,15.2164,'BG96MAR02A07M1G,'860640052392331,'89460800231121179488,22.72522,32.76874466,5.54179,27.4186,,PASS,2021.05.12 22:01:42,SST Denali#3,5210325006505,71064,2021.05.12 21:57:04,2021.05.12 22:01:42,'00:04:38,OK,'E0022500E3FDA3C1,4116464,'0000000007,3.69738,OK,OK,OK,1,510,25.97893,66.17126,OK,PASS,PASS,PASS,PASS,PASS,PASS,'0100000002,
JEG9B008H4,Denali_v0100000002.mot,4.78945,16.0726,'BG96MAR02A07M1G,'860640052474659,'89460800231121182219,26.79626,32.76887806,5.58436,26.2058,,PASS,2021.05.13 00:11:43,SST Denali#3,5210325006418,71064,2021.05.13 00:07:18,2021.05.13 00:11:43,'00:04:25,OK,'E0022500E41CBBE8,4118969,'0000000007,3.68509,OK,OK,OK,4,564,25.80269,67.23022,OK,PASS,PASS,PASS,PASS,PASS,PASS,'0100000002,
JEG9B00784,Denali_v0100000002.mot,4.80479,16.8903,'BG96MAR02A07M1G,'860640052403799,'89460800231121182888,15.03998,32.76849283,5.38809,21.6956,,PASS,2021.05.13 01:31:18,SST Denali#3,5210325006110,71064,2021.05.13 01:27:43,2021.05.13 01:31:18,'00:03:35,OK,'E0022500E3FDE8A7,4117289,'0000000007,3.67905,OK,OK,OK,1,599,26.72928,65.21759,OK,PASS,PASS,PASS,PASS,PASS,PASS,'0100000002,
JEG9B009D4,Denali_v0100000002.mot,4.83124,15.2632,'BG96MAR02A07M1G,'860640052362052,'89460800231121182110,26.68488,32.76887441,5.33064,22.7135,,PASS,2021.05.12 21:28:00,SST Denali#3,5210325005965,71064,2021.05.12 21:24:00,2021.05.12 21:28:00,'00:04:00,OK,'E0022500E4098059,4113856,'0000000007,3.68492,OK,OK,OK,6,624,25.90149,66.59698,OK,PASS,PASS,PASS,PASS,PASS,PASS,'0100000002,
JEG9B007Y4,Denali_v0100000002.mot,4.81042,15.3758,'BG96MAR02A07M1G,'860640052465905,'89460800231121183019,23.58734,32.76877291,5.26094,24.0996,,PASS,2021.05.13 00:54:31,SST Denali#3,5210325005875,71064,2021.05.13 00:50:22,2021.05.13 00:54:31,'00:04:09,OK,'E0022500E415D93E,4117347,'0000000007,3.67739,OK,OK,OK,1,601,26.76399,65.74097,OK,PASS,PASS,PASS,PASS,PASS,PASS,'0100000002,
JEG9B005Z4,Denali_v0100000002.mot,4.82084,15.2238,'BG96MAR02A07M1G,'860640052280387,'89460800231121178001,18.29193,32.76859939,5.28414,27.3482,,PASS,2021.05.13 01:25:27,SST Denali#3,5210325006699,71064,2021.05.13 01:21:27,2021.05.13 01:25:27,'00:04:00,OK,'E0022500E3FE71BC,4116512,'0000000007,3.67599,OK,OK,OK,5,639,26.05904,66.87469,OK,PASS,PASS,PASS,PASS,PASS,PASS,'0100000002,
JEG9B005G4,Denali_v0100000002.mot,4.82082,15.8478,'BG96MAR02A07M1G,'860640052403542,'89460800231121183332,13.59680,32.76844554,5.30822,21.1433,,PASS,2021.05.13 01:42:21,SST Denali#3,5210325006769,71064,2021.05.13 01:39:44,2021.05.13 01:42:21,'00:02:37,OK,'E0022500E3FDFDE2,4116581,'0000000007,3.69687,OK,OK,OK,5,631,26.26999,69.32983,OK,PASS,PASS,PASS,PASS,PASS,PASS,'0100000002,
JEG9B00604,Denali_v0100000002.mot,4.79837,15.4946,'BG96MAR02A07M1G,'860640052344597,'89460800231121185089,33.00354,32.76908146,5.40653,26.9259,,PASS,2021.05.12 23:56:07,SST Denali#3,5210325006758,71064,2021.05.12 23:51:46,2021.05.12 23:56:07,'00:04:21,OK,'E0022500E3F78BA1,4118114,'0000000007,3.69437,OK,OK,OK,1,590,25.69588,67.60559,OK,PASS,PASS,PASS,PASS,PASS,PASS,'0100000002,
JEG9B001M4,Denali_v0100000002.mot,4.81051,52.1882,'BG96MAR02A07M1G,'860640052385277,'89460800231121184413,2.74292,32.76808988,5.44611,28.1442,,PASS,2021.05.14 09:17:02,SST Denali#3,5210325006240,81087,2021.05.14 09:13:41,2021.05.14 09:17:02,'00:03:21,OK,'E0022500E4113DF3,4124141,'0000000007,3.6928,OK,OK,OK,1,610,24.87343,71.08612,OK,PASS,PASS,PASS,PASS,PASS,PASS,'0100000002,
JEG9B00344,Denali_v0100000002.mot,4.79524,44.9321,'BG96MAR02A07M1G,'860640052408103,'89460800231121436292,18.84583,32.76861754,5.44136,22.2099,,PASS,2021.05.14 18:49:26,SST Denali#3,5210325005278,81087,2021.05.14 18:47:15,2021.05.14 18:49:26,'00:02:11,OK,'E00225018B6BC27B,4105673,'0000000007,3.69308,OK,OK,OK,1,579,27.39952,56.68945,OK,PASS,PASS,PASS,PASS,PASS,PASS,'0100000002,
JEF9B00BJ4,Denali_v0100000002.mot,4.78951,50.5523,'BG96MAR02A07M1G,'860640052380351,'89460800231121177698,19.77478,32.76864798,5.21574,27.2887,,PASS,2021.05.14 08:51:26,SST Denali#3,5210325005935,81087,2021.05.14 08:48:24,2021.05.14 08:51:26,'00:03:02,OK,'E0022500E41F2675,4124614,'0000000007,3.69583,OK,OK,OK,1,591,24.89212,68.89191,OK,PASS,PASS,PASS,PASS,PASS,PASS,'0100000002,
JEF9B00AE4,Denali_v0100000002.mot,4.83005,43.1028,'BG96MAR02A07M1G,'860640052365121,'89460800231121178084,11.99585,32.76839308,5.42519,25.2637,,PASS,2021.05.14 09:21:02,SST Denali#3,5210325006587,81087,2021.05.14 09:17:58,2021.05.14 09:21:02,'00:03:04,OK,'E0022500E41CA5A9,4124925,'0000000007,3.68963,OK,OK,OK,1,616,24.92416,72.68066,OK,PASS,PASS,PASS,PASS,PASS,PASS,'0100000002,
JEG9B000N4,Denali_v0100000002.mot,4.79998,53.6108,'BG96MAR02A07M1G,'860640052365576,'89460800231121179140,17.63580,32.76857789,5.34619,28.0142,,PASS,2021.05.14 08:59:17,SST Denali#3,5210325005988,81087,2021.05.14 08:55:39,2021.05.14 08:59:17,'00:03:38,OK,'E0022500E41D419B,4124160,'0000000007,3.69912,OK,OK,OK,1,656,24.64378,69.08112,OK,PASS,PASS,PASS,PASS,PASS,PASS,'0100000002,
JEG9B000R4,Denali_v0100000002.mot,4.77085,39.9901,'BG96MAR02A07M1G,'860640052365386,'89460800231121181302,27.63550,32.76890556,5.39878,25.3828,,PASS,2021.05.14 12:50:06,SST Denali#3,5210325005999,81087,2021.05.14 12:47:00,2021.05.14 12:50:06,'00:03:06,OK,'E0022500E41D49D8,4113945,'0000000007,3.70548,OK,OK,OK,1,573,25.59708,62.48322,OK,PASS,PASS,PASS,PASS,PASS,PASS,'0100000002,
JEG9B000B4,Denali_v0100000002.mot,4.79871,53.9006,'BG96MAR02A07M1G,'860640052379734,'89460800231121182037,12.08130,32.76839588,5.34407,32.9792,,PASS,2021.05.14 08:58:54,SST Denali#3,5210325006172,81087,2021.05.14 08:55:28,2021.05.14 08:58:54,'00:03:26,OK,'E0022500E42360AA,4124555,'0000000007,3.70115,OK,OK,OK,1,603,25.05768,68.51044,OK,PASS,PASS,PASS,PASS,PASS,PASS,'0100000002,
JEG9B006Y4,Denali_v0100000002.mot,4.79755,45.5704,'BG96MAR02A07M1G,'860640052395946,'89460800231121183936,18.79669,32.76861593,5.26947,28.5232,,PASS,2021.05.14 15:38:23,SST Denali#3,5210325006764,81087,2021.05.14 15:35:50,2021.05.14 15:38:23,'00:02:33,OK,'E0022500E4090FEA,4103926,'0000000007,3.68431,OK,OK,OK,1,592,27.37816,56.46057,OK,PASS,PASS,PASS,PASS,PASS,PASS,'0100000002,
JEG9B008N4,Denali_v0100000002.mot,4.80439,40.7306,'BG96MAR02A07M1G,'860640052393073,'89460800231121181864,31.24268,32.76902376,5.33265,32.0101,,PASS,2021.05.14 10:41:35,SST Denali#3,5210325006523,81087,2021.05.14 10:38:02,2021.05.14 10:41:35,'00:03:33,OK,'E0022500E3FBE770,4121044,'0000000007,3.69575,OK,OK,OK,1,608,26.26999,63.24615,OK,PASS,PASS,PASS,PASS,PASS,PASS,'0100000002,
JEG9B00734,Denali_v0100000002.mot,4.82588,43.9705,'BG96MAR02A07M1G,'860640052367093,'89460800231121183464,27.71729,32.76890824,5.35983,28.1171,,PASS,2021.05.14 15:38:43,SST Denali#3,5210325006668,81087,2021.05.14 15:35:56,2021.05.14 15:38:43,'00:02:47,OK,'E0022500E4235AA9,4103927,'0000000007,3.68978,OK,OK,OK,1,646,27.09244,55.27954,OK,PASS,PASS,PASS,PASS,PASS,PASS,'0100000002,
